Sample_name_WGS	Barcode	HLA-A allele 1	HLA-A allele 2	HLA-B allele 1	HLA-B allele 2	HLA-C allele 1	HLA-C allele 2	HLA-DQA1 allele 1	HLA-DQA1 allele 2	HLA-DQB1 allele 1	HLA-DQB1 allele 2	HLA-DRB1 allele 1	HLA-DRB1 allele 2
3855000014319	a1255_WGS_16_A5	HLA-A*02:01:01:01	HLA-A*26:01:01	HLA-B*38:01:01	HLA-B*40:264	HLA-C*03:04:01:01	HLA-C*12:03:01:01	n/a	n/a	HLA-DQB1*03:01:01:01	HLA-DQB1*06:04:01	HLA-DRB1*11:97	HLA-DRB1*13:02:01
3855000013976	a1255_WGS_1_H8	HLA-A*26:01:01	HLA-A*29:02:01:01	HLA-B*08:01:01	HLA-B*49:01:01	HLA-C*07:01:01:01	HLA-C*07:01:01:01	n/a	n/a	HLA-DQB1*02:01:01	HLA-DQB1*03:01:01:01	HLA-DRB1*03:01:01:01	HLA-DRB1*11:01:01
3855000011799	a1255_WGS_1_B5	HLA-A*02:01:01:01	HLA-A*32:01:01	HLA-B*15:01:01:01	HLA-B*27:05:02	HLA-C*02:02:02:01	HLA-C*03:205	HLA-DQA1*03:01:01	HLA-DQA1*03:01:01	HLA-DQB1*03:01:01:01	HLA-DQB1*03:03:02:01	HLA-DRB1*09:01:02	HLA-DRB1*11:01:01
3855000014604	a1255_WGS_1_H2	HLA-A*24:02:01:01	HLA-A*26:01:01	HLA-B*08:01:01	HLA-B*52:01:01:01	HLA-C*07:01:01:01	HLA-C*12:02:02	HLA-DQA1*05:08	HLA-DQA1*05:10	HLA-DQB1*02:01:01	HLA-DQB1*03:01:01:01	HLA-DRB1*03:01:01:01	HLA-DRB1*11:01:01
3855000011896	a1255_WGS_15_D1	HLA-A*24:02:43	HLA-A*33:01:01	HLA-B*14:02:01	HLA-B*40:264	HLA-C*03:04:01:01	HLA-C*08:02:01:01	HLA-DQA1*05:05:01:01	HLA-DQA1*05:05:01:01	HLA-DQB1*03:01:01:01	HLA-DQB1*03:01:01:01	HLA-DRB1*11:04:01	HLA-DRB1*11:04:01
3855000014335	a1255_WGS_16_G8	HLA-A*03:01:01:01	HLA-A*29:02:01:01	HLA-B*07:02:01	HLA-B*49:01:01	HLA-C*07:01:01:01	HLA-C*07:02:01:01	n/a	n/a	HLA-DQB1*03:01:01:01	HLA-DQB1*05:01:01:01	HLA-DRB1*10:01:01	HLA-DRB1*11:01:01
3855000014397	a1255_WGS_16_F5	HLA-A*01:01:01:01	HLA-A*25:01:01	HLA-B*27:05:02	HLA-B*57:01:01	HLA-C*02:02:02:01	HLA-C*06:02:01:01	HLA-DQA1*01:01:01	HLA-DQA1*05:05:01:01	HLA-DQB1*03:01:01:01	HLA-DQB1*05:01:01:01	HLA-DRB1*01:01:01	HLA-DRB1*11:01:01
3855000014018	a1255_WGS_15_D10	HLA-A*02:129	HLA-A*03:01:01:01	HLA-B*35:02:05	HLA-B*55:01:01	HLA-C*03:18:01	HLA-C*04:01:30	n/a	n/a	HLA-DQB1*05:03:02	HLA-DQB1*06:01:01	HLA-DRB1*11:104	HLA-DRB1*15:02:01
3855000011721	a1255_WGS_1_G3	HLA-A*02:01:01:01	HLA-A*24:02:01:01	HLA-B*51:01:01	HLA-B*51:01:01	HLA-C*02:02:02:01	HLA-C*12:02:02	n/a	n/a	HLA-DQB1*06:02:01	HLA-DQB1*06:104	HLA-DRB1*15:01:17	HLA-DRB1*15:02:01
3855000012448	a1255_WGS_16_F4	HLA-A*02:01:01:01	HLA-A*24:02:01:01	HLA-B*18:01:01:01	HLA-B*52:01:01:01	HLA-C*07:01:01:01	HLA-C*12:02:02	HLA-DQA1*01:03:01:01	HLA-DQA1*01:03:01:01	HLA-DQB1*05:01:01:01	HLA-DQB1*06:01:01	HLA-DRB1*01:01:01	HLA-DRB1*15:02:01
3855000012687	a1255_WGS_1_F6	HLA-A*03:26	HLA-A*30:02:01:01	HLA-B*18:01:01:01	HLA-B*35:01:01:01	HLA-C*04:01:01:01	HLA-C*05:01:01:01	HLA-DQA1*01:06	HLA-DQA1*01:06	HLA-DQB1*02:01:01	HLA-DQB1*06:03:01	HLA-DRB1*03:01:01:01	HLA-DRB1*13:01:01
3855000012055	a1255_WGS_1_B1	HLA-A*02:01:11	HLA-A*33:01:01	HLA-B*14:02:01	HLA-B*50:01:01	HLA-C*06:02:03	HLA-C*08:02:01:01	n/a	n/a	HLA-DQB1*02:01:01	HLA-DQB1*05:01:01:01	HLA-DRB1*01:02:01	HLA-DRB1*03:01:01:01
3855000013102	a1255_WGS_1_E4	HLA-A*01:01:01:01	HLA-A*68:01:01:01	HLA-B*08:01:01	HLA-B*35:03:01	HLA-C*04:01:01:01	HLA-C*07:01:01:01	n/a	n/a	HLA-DQB1*02:01:01	HLA-DQB1*03:02:01	HLA-DRB1*03:01:01:01	HLA-DRB1*04:04:01
3855000013313	a1255_WGS_16_H8	HLA-A*02:01:01:01	HLA-A*24:02:01:01	HLA-B*35:02:01	HLA-B*40:01:02	HLA-C*03:04:01:01	HLA-C*04:01:01:01	n/a	n/a	HLA-DQB1*02:01:01	HLA-DQB1*03:01:01:01	HLA-DRB1*03:01:01:01	HLA-DRB1*11:04:01
3855000012376	a1255_WGS_16_F1	HLA-A*01:37	HLA-A*03:01:01:01	HLA-B*27:02:01	HLA-B*52:01:01:01	HLA-C*12:02:02	HLA-C*15:02:01	HLA-DQA1*01:02:01:01	HLA-DQA1*01:02:01:01	HLA-DQB1*03:01:01:01	HLA-DQB1*05:02:01	HLA-DRB1*11:01:01	HLA-DRB1*16:01:01
3855000013728	a1255_WGS_15_E6	HLA-A*24:02:01:01	HLA-A*68:01:02:01	HLA-B*15:01:01:01	HLA-B*44:02:01:01	HLA-C*03:03:01	HLA-C*07:04:01	n/a	n/a	HLA-DQB1*03:01:01:01	HLA-DQB1*05:02:01	HLA-DRB1*11:01:01	HLA-DRB1*16:01:01
3855000013729	a1255_WGS_15_F3	HLA-A*30:02:01:01	HLA-A*68:01:02:01	HLA-B*18:01:01:01	HLA-B*44:02:01:01	HLA-C*05:01:01:01	HLA-C*07:04:01	n/a	n/a	HLA-DQB1*03:01:01:01	HLA-DQB1*05:35	HLA-DRB1*11:01:01	HLA-DRB1*16:01:01
3855000012102	a1255_WGS_16_A10	HLA-A*24:02:01:01	HLA-A*30:02:01:01	HLA-B*15:01:06	HLA-B*18:01:01:01	HLA-C*03:03:01	HLA-C*05:01:01:01	n/a	n/a	HLA-DQB1*02:01:01	HLA-DQB1*05:02:01	HLA-DRB1*03:01:01:01	HLA-DRB1*16:01:01
3855000013636	a1255_WGS_16_A9	HLA-A*02:01:01:01	HLA-A*29:02:01:01	HLA-B*51:01:01	HLA-B*51:01:01	HLA-C*14:02:01	HLA-C*16:01:01	n/a	n/a	HLA-DQB1*06:01:01	HLA-DQB1*06:03:01	HLA-DRB1*13:01:01	HLA-DRB1*15:02:01
3855000012985	a1255_WGS_15_F11	HLA-A*24:144	HLA-A*24:144	HLA-B*14:02:01	HLA-B*35:02:01	HLA-C*04:01:01:01	HLA-C*08:02:01:01	HLA-DQA1*05:05:01:01	HLA-DQA1*05:05:01:01	HLA-DQB1*03:01:01:01	HLA-DQB1*05:01:01:01	HLA-DRB1*01:02:01	HLA-DRB1*11:04:01
3855000014549	a1255_WGS_15_C5	HLA-A*01:45	HLA-A*02:01:01:01	HLA-B*08:07	HLA-B*55:01:01	HLA-C*03:04:01:01	HLA-C*18:05	n/a	n/a	HLA-DQB1*02:01:01	HLA-DQB1*05:03:02	HLA-DRB1*04:05:01	HLA-DRB1*13:178
3855000013522	a1255_WGS_15_B5	HLA-A*03:26	HLA-A*30:01:01	HLA-B*13:02:01	HLA-B*51:01:01	HLA-C*01:02:01	HLA-C*06:02:01:01	n/a	n/a	HLA-DQB1*02:02:01	HLA-DQB1*03:01:01:01	HLA-DRB1*07:01:01:01	HLA-DRB1*11:01:01
3855000011653	a1255_WGS_1_A1	HLA-A*02:01:01:01	HLA-A*24:02:01:01	HLA-B*44:05:01	HLA-B*51:01:01	HLA-C*02:27:01	HLA-C*16:02:01	n/a	n/a	HLA-DQB1*05:02:01	HLA-DQB1*06:04:01	HLA-DRB1*13:02:01	HLA-DRB1*16:01:01
3855000013342	a1255_WGS_15_D4	HLA-A*24:02:01:01	HLA-A*68:01:01:01	HLA-B*35:01:01:01	HLA-B*51:01:01	HLA-C*04:01:01:01	HLA-C*15:02:01	HLA-DQA1*03:01:01	HLA-DQA1*05:05:01:01	HLA-DQB1*03:01:01:01	HLA-DQB1*03:02:01	HLA-DRB1*04:01:01	HLA-DRB1*11:01:01
3855000011986	a1255_WGS_2_E1	HLA-A*03:26	HLA-A*11:01:01	HLA-B*44:03:01	HLA-B*57:01:01	HLA-C*04:01:01:01	HLA-C*06:02:01:01	n/a	n/a	HLA-DQB1*03:01:01:01	HLA-DQB1*05:03:01:01	HLA-DRB1*11:01:01	HLA-DRB1*14:54:01
3855000012683	a1255_WGS_16_A7	HLA-A*03:02:01	HLA-A*24:02:01:01	HLA-B*35:01:01:01	HLA-B*35:01:01:01	HLA-C*04:01:01:01	HLA-C*04:01:01:01	n/a	n/a	HLA-DQB1*03:01:01:01	HLA-DQB1*05:03:01:01	HLA-DRB1*11:01:01	HLA-DRB1*14:54:01
3855000013922	a1255_WGS_16_C4	HLA-A*03:72	HLA-A*23:64	HLA-B*07:02:01	HLA-B*44:03:01	HLA-C*04:01:01:01	HLA-C*07:02:01:01	n/a	n/a	HLA-DQB1*02:02:01	HLA-DQB1*05:01:01:01	HLA-DRB1*07:01:01:01	HLA-DRB1*10:01:01
3855000013977	a1255_WGS_15_C6	HLA-A*23:01:01	HLA-A*32:01:01	HLA-B*18:01:03	HLA-B*49:01:01	HLA-C*02:02:02:01	HLA-C*07:01:01:01	n/a	n/a	HLA-DQB1*03:01:01:01	HLA-DQB1*03:01:01:01	HLA-DRB1*11:01:01	HLA-DRB1*11:01:01
3855000014559	a1255_WGS_1_F3	HLA-A*23:01:01	HLA-A*25:01:01	HLA-B*35:03:01	HLA-B*49:01:01	HLA-C*07:01:01:01	HLA-C*12:03:01:01	n/a	n/a	HLA-DQB1*03:01:01:01	HLA-DQB1*03:01:01:01	HLA-DRB1*11:01:01	HLA-DRB1*12:01:01
3855000011813	a1255_WGS_1_D5	HLA-A*11:01:01	HLA-A*31:01:13	HLA-B*52:01:01:01	HLA-B*55:01:01	HLA-C*03:04:01:01	HLA-C*12:02:02	n/a	n/a	HLA-DQB1*05:01:01:01	HLA-DQB1*05:01:01:01	HLA-DRB1*01:01:01	HLA-DRB1*13:01:01
3855000013923	a1255_WGS_16_D4	HLA-A*02:01:01:01	HLA-A*03:01:01:01	HLA-B*07:02:01	HLA-B*55:01:01	HLA-C*03:03:01	HLA-C*07:02:01:01	n/a	n/a	HLA-DQB1*03:01:01:01	HLA-DQB1*05:01:01:01	HLA-DRB1*10:01:01	HLA-DRB1*11:01:01
3855000012926	a1255_WGS_1_C2	HLA-A*26:01:01	HLA-A*30:01:01	HLA-B*13:02:01	HLA-B*50:01:01	HLA-C*06:02:01:01	HLA-C*06:02:01:01	HLA-DQA1*02:01	HLA-DQA1*05:01:01:01	HLA-DQB1*02:01:01	HLA-DQB1*02:11	HLA-DRB1*03:01:01:01	HLA-DRB1*07:01:01:01
3855000011992	a1255_WGS_16_D2	HLA-A*03:01:01:01	HLA-A*26:01:01	HLA-B*35:03:01	HLA-B*51:01:01	HLA-C*04:01:01:01	HLA-C*05:01:01:01	n/a	n/a	HLA-DQB1*04:02:01	HLA-DQB1*05:01:01:01	HLA-DRB1*01:01:01	HLA-DRB1*13:01:01
3855000012347	a1255_WGS_2_B2	HLA-A*03:72	HLA-A*24:104	HLA-B*35:02:01	HLA-B*35:02:01	HLA-C*04:01:01:01	HLA-C*04:01:01:01	n/a	n/a	HLA-DQB1*03:01:01:01	HLA-DQB1*05:01:01:01	HLA-DRB1*01:01:01	HLA-DRB1*11:04:01
3855000012385	a1255_WGS_16_A2	HLA-A*01:01:01:01	HLA-A*32:01:01	HLA-B*37:01:01	HLA-B*51:01:01	HLA-C*06:02:01:01	HLA-C*07:04:01	n/a	n/a	HLA-DQB1*03:01:01:01	HLA-DQB1*05:01:01:01	HLA-DRB1*10:01:01	HLA-DRB1*11:04:01
3855000014326	a1255_WGS_16_F8	HLA-A*01:01:01:01	HLA-A*25:01:01	HLA-B*08:01:01	HLA-B*57:01:01	HLA-C*06:02:01:01	HLA-C*07:01:01:01	n/a	n/a	HLA-DQB1*02:02:01	HLA-DQB1*03:03:02:01	HLA-DRB1*07:01:01:01	HLA-DRB1*07:01:01:01
3855000011807	a1255_WGS_2_A3	HLA-A*02:01:01:01	HLA-A*32:01:01	HLA-B*40:02:01	HLA-B*57:01:01	HLA-C*02:02:02:01	HLA-C*06:02:01:01	HLA-DQA1*05:01:01:01	HLA-DQA1*05:01:02	HLA-DQB1*02:02:01	HLA-DQB1*03:01:01:01	HLA-DRB1*04:05:01	HLA-DRB1*11:01:01
3855000013539	a1255_WGS_16_G3	HLA-A*02:01:01:01	HLA-A*02:01:01:01	HLA-B*27:05:02	HLA-B*51:01:01	HLA-C*01:02:01	HLA-C*15:02:01	HLA-DQA1*05:01:01:01	HLA-DQA1*05:01:01:01	HLA-DQB1*03:01:01:01	HLA-DQB1*05:02:01	HLA-DRB1*11:04:01	HLA-DRB1*16:02:01
3855000011793	a1255_WGS_1_B6	HLA-A*02:01:01:01	HLA-A*26:01:01	HLA-B*07:44	HLA-B*38:01:01	HLA-C*07:02:01:01	HLA-C*12:03:01:01	HLA-DQA1*01:01:01	HLA-DQA1*01:06	HLA-DQB1*05:01:01:01	HLA-DQB1*06:03:01	HLA-DRB1*10:01:01	HLA-DRB1*13:01:01
3855000014277	a1255_WGS_16_E7	HLA-A*03:01:01:01	HLA-A*68:01:02:01	HLA-B*35:01:01:01	HLA-B*49:01:01	HLA-C*04:01:01:01	HLA-C*12:03:01:01	n/a	n/a	HLA-DQB1*03:01:01:01	HLA-DQB1*03:02:01	HLA-DRB1*07:01:01:01	HLA-DRB1*11:01:01
3855000014431	a1255_WGS_15_C3	HLA-A*01:01:01:01	HLA-A*02:01:01:01	HLA-B*18:01:01:01	HLA-B*35:01:01:01	HLA-C*04:01:01:01	HLA-C*07:01:01:01	HLA-DQA1*01:01:01	HLA-DQA1*01:02:02	HLA-DQB1*05:01:01:01	HLA-DQB1*05:02:01	HLA-DRB1*01:01:01	HLA-DRB1*16:01:01
3855000014293	a1255_WGS_15_G10	HLA-A*30:01:01	HLA-A*66:12	HLA-B*07:143	HLA-B*15:17:01:01	HLA-C*05:04:02	HLA-C*07:02:01:01	n/a	n/a	HLA-DQB1*03:02:01	HLA-DQB1*06:02:01	HLA-DRB1*04:20	HLA-DRB1*13:02:01
3855000013498	a1255_WGS_1_D10	HLA-A*24:02:01:01	HLA-A*68:01:01:01	HLA-B*18:01:01:01	HLA-B*52:01:01:01	HLA-C*05:01:04	HLA-C*12:02:02	n/a	n/a	HLA-DQB1*02:01:01	HLA-DQB1*06:01:01	HLA-DRB1*03:01:01:01	HLA-DRB1*15:02:01
3855000013620	a1255_WGS_1_C1	HLA-A*02:01:01:01	HLA-A*23:01:01	HLA-B*39:01:01:01	HLA-B*44:03:01	HLA-C*04:01:01:01	HLA-C*12:03:01:01	n/a	n/a	HLA-DQB1*03:01:01:01	HLA-DQB1*05:02:01	HLA-DRB1*11:03	HLA-DRB1*16:01:01
3855000014098	a1255_WGS_16_E3	HLA-A*02:01:01:01	HLA-A*03:01:01:01	HLA-B*35:03:01	HLA-B*51:01:01	HLA-C*04:01:01:01	HLA-C*15:02:01	HLA-DQA1*05:01:02	HLA-DQA1*05:01:02	HLA-DQB1*03:01:01:01	HLA-DQB1*04:02:01	HLA-DRB1*08:02:01	HLA-DRB1*14:01:01
3855000013609	a1255_WGS_16_H3	HLA-A*03:42	HLA-A*24:32	HLA-B*07:02:01	HLA-B*51:02:01	HLA-C*04:01:01:01	HLA-C*07:02:23	HLA-DQA1*01:02:01:01	HLA-DQA1*01:02:01:01	HLA-DQB1*03:01:01:01	HLA-DQB1*05:03:02	HLA-DRB1*08:04:02	HLA-DRB1*14:01:01
3855000013764	a1255_WGS_2_F2	HLA-A*02:01:01:01	HLA-A*03:01:01:01	HLA-B*07:02:01	HLA-B*18:01:01:01	HLA-C*07:01:01:01	HLA-C*07:02:01:01	HLA-DQA1*01:05:01	HLA-DQA1*05:05:01:01	HLA-DQB1*03:01:01:01	HLA-DQB1*05:01:01:01	HLA-DRB1*10:01:01	HLA-DRB1*11:01:01
3855000013603	a1255_WGS_16_C11	HLA-A*02:01:01:01	HLA-A*03:01:01:01	HLA-B*07:02:01	HLA-B*51:08:01	HLA-C*07:02:01:01	HLA-C*16:02:01	HLA-DQA1*01:06	HLA-DQA1*01:06	HLA-DQB1*03:01:01:01	HLA-DQB1*05:01:01:01	HLA-DRB1*10:01:01	HLA-DRB1*12:01:01
3855000013566	a1255_WGS_15_F5	HLA-A*01:45	HLA-A*29:01:01:01	HLA-B*08:01:01	HLA-B*18:01:01:01	HLA-C*07:01:01:01	HLA-C*07:01:01:01	n/a	n/a	HLA-DQB1*03:01:01:01	HLA-DQB1*03:02:01	HLA-DRB1*04:02:01	HLA-DRB1*11:04:01
3855000013112	a1255_WGS_1_C12	HLA-A*29:01:01:01	HLA-A*32:01:19	HLA-B*18:01:01:01	HLA-B*56:01:01	HLA-C*01:02:01	HLA-C*07:01:01:01	n/a	n/a	HLA-DQB1*03:01:01:01	HLA-DQB1*03:05:01	HLA-DRB1*04:03:01	HLA-DRB1*11:04:01
3855000012934	a1255_WGS_1_B4	HLA-A*02:01:01:01	HLA-A*24:02:01:01	HLA-B*51:01:01	HLA-B*51:01:01	HLA-C*12:02:02	HLA-C*15:02:01	n/a	n/a	HLA-DQB1*03:01:01:01	HLA-DQB1*06:01:01	HLA-DRB1*11:04:01	HLA-DRB1*15:02:01
3855000014058	a1255_WGS_1_A9	HLA-A*02:01:01:01	HLA-A*24:02:01:01	HLA-B*18:01:01:01	HLA-B*35:02:01	HLA-C*04:01:01:01	HLA-C*05:01:01:01	n/a	n/a	HLA-DQB1*02:01:01	HLA-DQB1*03:01:01:01	HLA-DRB1*03:01:01:01	HLA-DRB1*11:04:01
3855000012503	a1255_WGS_1_A4	HLA-A*24:02:01:01	HLA-A*68:01:02:01	HLA-B*35:08:01	HLA-B*44:02:01:01	HLA-C*04:01:01:01	HLA-C*07:04:01	HLA-DQA1*03:01:01	HLA-DQA1*03:01:01	HLA-DQB1*03:01:01:01	HLA-DQB1*03:02:01	HLA-DRB1*04:03:01	HLA-DRB1*11:01:01
3855000012267	a1255_WGS_15_A7	HLA-A*01:01:01:01	HLA-A*02:01:01:01	HLA-B*44:02:01:01	HLA-B*57:01:01	HLA-C*06:02:01:01	HLA-C*07:04:01	HLA-DQA1*05:05:01:01	HLA-DQA1*05:05:01:01	HLA-DQB1*03:01:01:01	HLA-DQB1*03:01:01:01	HLA-DRB1*11:01:01	HLA-DRB1*11:01:01
3855000013413	a1255_WGS_16_H6	HLA-A*02:01:01:01	HLA-A*02:01:01:01	HLA-B*51:01:01	HLA-B*58:01:01	HLA-C*07:18	HLA-C*14:02:01	n/a	n/a	HLA-DQB1*03:01:01:01	HLA-DQB1*05:02:01	HLA-DRB1*04:07:01	HLA-DRB1*16:01:01
3855000013414	a1255_WGS_2_A1	n/a	n/a	n/a	n/a	n/a	n/a	n/a	n/a	HLA-DQB1*03:01:01:01	HLA-DQB1*03:01:01:01	HLA-DRB1*11:04:01	HLA-DRB1*11:04:01
3855000013582	a1255_WGS_1_E10	HLA-A*02:01:01:01	HLA-A*23:01:01	HLA-B*44:03:01	HLA-B*57:01:01	HLA-C*04:01:01:01	HLA-C*06:02:01:01	n/a	n/a	HLA-DQB1*02:02:01	HLA-DQB1*03:03:02:01	HLA-DRB1*07:01:01:01	HLA-DRB1*07:01:01:01
3855000012444	a1255_WGS_1_H3	HLA-A*02:01:01:01	HLA-A*03:01:01:01	HLA-B*35:03:01	HLA-B*51:01:01	HLA-C*04:01:01:01	HLA-C*14:02:01	HLA-DQA1*01:02:02	HLA-DQA1*01:03:01:01	HLA-DQB1*05:02:01	HLA-DQB1*06:03:01	HLA-DRB1*13:01:01	HLA-DRB1*16:01:01
3855000012523	a1255_WGS_15_B2	HLA-A*01:01:01:01	HLA-A*24:02:01:01	HLA-B*18:01:03	HLA-B*37:01:01	HLA-C*06:02:01:01	HLA-C*12:03:01:01	HLA-DQA1*01:12	HLA-DQA1*01:12	HLA-DQB1*03:01:01:01	HLA-DQB1*05:01:01:01	HLA-DRB1*10:01:01	HLA-DRB1*11:04:01
3855000013910	a1255_WGS_15_F8	HLA-A*24:02:01:01	HLA-A*24:02:01:01	HLA-B*35:01:01:01	HLA-B*35:01:01:01	HLA-C*04:01:01:01	HLA-C*04:01:01:01	HLA-DQA1*05:05:01:01	HLA-DQA1*05:05:01:01	HLA-DQB1*03:01:01:01	HLA-DQB1*03:01:01:01	HLA-DRB1*08:03:02	HLA-DRB1*11:04:01
3855000012081	a1255_WGS_16_H2	HLA-A*24:02:01:01	HLA-A*24:02:01:01	HLA-B*35:01:01:01	HLA-B*35:01:01:01	HLA-C*04:01:01:01	HLA-C*04:01:01:01	HLA-DQA1*05:05:01:01	HLA-DQA1*05:05:01:01	HLA-DQB1*03:01:01:01	HLA-DQB1*03:01:01:01	HLA-DRB1*11:04:01	HLA-DRB1*11:04:01
3855000012283	a1255_WGS_16_F3	HLA-A*01:01:01:01	HLA-A*24:02:01:01	HLA-B*15:17:01:01	HLA-B*49:01:01	HLA-C*07:01:01:01	HLA-C*07:01:01:01	HLA-DQA1*01:02:01:01	HLA-DQA1*01:02:01:01	HLA-DQB1*06:04:01	HLA-DQB1*06:04:01	HLA-DRB1*13:02:01	HLA-DRB1*13:02:01
3855000013490	a1255_WGS_16_G1	HLA-A*03:72	HLA-A*24:104	HLA-B*07:06	HLA-B*35:08:01	HLA-C*04:01:01:01	HLA-C*15:05:02	HLA-DQA1*01:01:02	HLA-DQA1*05:01:01:01	HLA-DQB1*02:01:01	HLA-DQB1*05:01:01:01	HLA-DRB1*01:02:01	HLA-DRB1*03:01:01:01
3855000013214	a1255_WGS_15_C8	HLA-A*03:72	HLA-A*23:64	HLA-B*07:06	HLA-B*35:01:01:01	HLA-C*04:01:01:01	HLA-C*15:05:02	HLA-DQA1*01:01:02	HLA-DQA1*05:05:01:01	HLA-DQB1*03:01:01:01	HLA-DQB1*05:01:01:01	HLA-DRB1*01:02:01	HLA-DRB1*11:04:01
3855000011708	a1255_WGS_1_H4	HLA-A*02:01:01:01	HLA-A*11:01:01	HLA-B*52:01:01:01	HLA-B*52:01:01:01	HLA-C*12:02:02	HLA-C*12:02:02	n/a	n/a	HLA-DQB1*05:02:01	HLA-DQB1*06:01:01	HLA-DRB1*15:02:01	HLA-DRB1*16:01:01
3855000014014	a1255_WGS_1_G4	HLA-A*01:01:01:01	HLA-A*02:01:01:01	HLA-B*37:01:01	HLA-B*52:01:01:01	HLA-C*06:02:01:01	HLA-C*12:02:01	n/a	n/a	HLA-DQB1*03:01:01:01	HLA-DQB1*06:01:01	HLA-DRB1*11:01:01	HLA-DRB1*15:02:01
3855000012452	a1255_WGS_1_E5	HLA-A*02:01:01:01	HLA-A*29:02:01:01	HLA-B*44:03:04	HLA-B*50:01:01	HLA-C*06:02:01:01	HLA-C*16:01:01	HLA-DQA1*02:01	HLA-DQA1*05:01:01:01	HLA-DQB1*02:01:01	HLA-DQB1*02:11	HLA-DRB1*03:01:01:01	HLA-DRB1*07:01:01:01
3855000013302	a1255_WGS_16_A11	HLA-A*24:02:01:01	HLA-A*32:01:01	HLA-B*15:01:06	HLA-B*18:01:01:01	HLA-C*03:03:01	HLA-C*05:01:01:01	n/a	n/a	HLA-DQB1*02:01:01	HLA-DQB1*03:01:01:01	HLA-DRB1*03:01:01:01	HLA-DRB1*13:03:01
3855000013305	a1255_WGS_16_G6	HLA-A*11:01:01	HLA-A*32:01:01	HLA-B*15:01:01:01	HLA-B*51:01:01	HLA-C*03:03:01	HLA-C*15:02:01	HLA-DQA1*05:05:01:01	HLA-DQA1*05:05:01:01	HLA-DQB1*03:01:01:01	HLA-DQB1*03:01:01:01	HLA-DRB1*11:01:01	HLA-DRB1*13:03:01
3855000014214	a1255_WGS_15_A9	HLA-A*03:26	HLA-A*11:01:01	HLA-B*15:01:01:01	HLA-B*51:01:01	HLA-C*03:03:01	HLA-C*15:02:01	n/a	n/a	HLA-DQB1*05:01:01:01	HLA-DQB1*06:02:01	HLA-DRB1*01:01:01	HLA-DRB1*15:01:01:01
3855000011772	a1255_WGS_15_D6	HLA-A*01:01:01:01	HLA-A*24:02:01:01	HLA-B*08:01:01	HLA-B*49:01:01	HLA-C*07:01:01:01	HLA-C*07:01:01:01	n/a	n/a	HLA-DQB1*02:01:01	HLA-DQB1*05:02:01	HLA-DRB1*03:01:01:01	HLA-DRB1*16:01:01
3855000014381	a1255_WGS_15_G11	HLA-A*01:01:01:01	HLA-A*02:01:01:01	HLA-B*08:01:01	HLA-B*44:03:02	HLA-C*07:06	HLA-C*07:06	n/a	n/a	HLA-DQB1*02:01:01	HLA-DQB1*03:01:01:01	HLA-DRB1*03:01:01:01	HLA-DRB1*11:04:01
3855000011826	a1255_WGS_1_D4	HLA-A*01:01:01:01	HLA-A*01:01:01:01	HLA-B*51:01:01	HLA-B*51:01:01	HLA-C*12:02:02	HLA-C*15:02:01	n/a	n/a	HLA-DQB1*03:01:01:01	HLA-DQB1*06:01:01	HLA-DRB1*04:07:01	HLA-DRB1*15:02:01
3855000012312	a1255_WGS_15_C11	HLA-A*03:01:07	HLA-A*33:01:01	HLA-B*14:02:01	HLA-B*51:01:01	HLA-C*01:02:01	HLA-C*08:02:01:01	HLA-DQA1*01:01:02	HLA-DQA1*05:01:01:01	HLA-DQB1*02:01:01	HLA-DQB1*05:01:01:01	HLA-DRB1*01:02:01	HLA-DRB1*03:01:01:01
3855000013200	a1255_WGS_1_B3	HLA-A*03:72	HLA-A*24:104	HLA-B*35:01:01:01	HLA-B*35:01:01:01	HLA-C*04:01:01:01	HLA-C*04:01:01:01	n/a	n/a	HLA-DQB1*03:01:01:01	HLA-DQB1*05:01:01:01	HLA-DRB1*01:01:01	HLA-DRB1*13:01:01
3855000013951	a1255_WGS_2_C1	HLA-A*02:01:01:01	HLA-A*02:01:01:01	HLA-B*08:01:01	HLA-B*44:05:01	HLA-C*02:02:02:01	HLA-C*15:02:01	HLA-DQA1*01:02:02	HLA-DQA1*01:03:01:01	HLA-DQB1*05:02:01	HLA-DQB1*06:03:01	HLA-DRB1*13:01:01	HLA-DRB1*16:01:01
3855000012622	a1255_WGS_16_H5	HLA-A*02:01:01:01	HLA-A*02:01:01:01	HLA-B*38:01:01	HLA-B*40:02:01	HLA-C*02:02:02:01	HLA-C*12:03:01:01	n/a	n/a	HLA-DQB1*03:01:01:01	HLA-DQB1*06:03:01	HLA-DRB1*11:01:01	HLA-DRB1*13:01:01
3855000012873	a1255_WGS_15_C2	HLA-A*01:01:01:01	HLA-A*02:01:01:01	HLA-B*08:01:01	HLA-B*50:01:01	HLA-C*06:02:01:01	HLA-C*07:01:01:01	n/a	n/a	HLA-DQB1*02:01:01	HLA-DQB1*02:01:01	HLA-DRB1*03:01:01:01	HLA-DRB1*03:01:01:01
3855000013635	a1255_WGS_15_A2	HLA-A*11:01:46	HLA-A*30:01:01	HLA-B*13:02:09	HLA-B*47:01:01:01	HLA-C*06:02:01:01	HLA-C*06:02:01:01	HLA-DQA1*02:01	HLA-DQA1*02:01	HLA-DQB1*02:02:01	HLA-DQB1*03:01:01:01	HLA-DRB1*07:01:01:01	HLA-DRB1*11:01:01
3855000013299	a1255_WGS_15_D8	HLA-A*01:01:01:01	HLA-A*02:01:01:01	HLA-B*13:02:01	HLA-B*35:01:01:01	HLA-C*04:01:01:01	HLA-C*06:02:01:01	HLA-DQA1*01:01:01	HLA-DQA1*05:05:01:01	HLA-DQB1*03:01:01:01	HLA-DQB1*05:01:01:01	HLA-DRB1*01:01:01	HLA-DRB1*11:04:01
3855000012977	a1255_WGS_15_A1	HLA-A*11:01:01	HLA-A*26:15	HLA-B*38:01:01	HLA-B*44:03:01	HLA-C*12:03:01:01	HLA-C*16:01:01	HLA-DQA1*02:01	HLA-DQA1*05:05:01:01	HLA-DQB1*02:02:01	HLA-DQB1*03:01:01:01	HLA-DRB1*07:01:01:01	HLA-DRB1*11:04:01
3855000013624	a1255_WGS_1_G10	HLA-A*03:72	HLA-A*24:104	HLA-B*35:02:01	HLA-B*49:01:01	HLA-C*04:01:01:01	HLA-C*07:01:01:01	n/a	n/a	HLA-DQB1*03:01:01:01	HLA-DQB1*05:02:01	HLA-DRB1*11:04:01	HLA-DRB1*16:01:01
3855000013622	a1255_WGS_16_G7	HLA-A*24:02:01:01	HLA-A*24:02:01:01	HLA-B*18:01:01:01	HLA-B*35:02:01	HLA-C*01:02:01	HLA-C*04:01:01:01	HLA-DQA1*05:05:01:01	HLA-DQA1*05:05:01:01	HLA-DQB1*03:01:01:01	HLA-DQB1*03:01:01:01	HLA-DRB1*11:04:01	HLA-DRB1*11:04:01
3855000013348	a1255_WGS_1_C3	HLA-A*02:01:01:01	HLA-A*24:02:01:01	HLA-B*35:02:01	HLA-B*44:02:01:01	HLA-C*04:01:01:01	HLA-C*05:01:01:01	HLA-DQA1*05:05:01:01	HLA-DQA1*05:05:01:01	HLA-DQB1*03:01:01:01	HLA-DQB1*03:01:01:01	HLA-DRB1*11:01:01	HLA-DRB1*11:04:01
3855000013861	a1255_WGS_15_F10	HLA-A*02:135	HLA-A*03:01:01:01	HLA-B*07:02:01	HLA-B*52:01:08	HLA-C*07:02:01:01	HLA-C*12:02:02	HLA-DQA1*01:03:01:01	HLA-DQA1*01:05:01	HLA-DQB1*05:18	HLA-DQB1*06:01:01	HLA-DRB1*10:01:01	HLA-DRB1*15:02:01
3855000011607	a1255_WGS_1_G12	HLA-A*02:01:01:01	HLA-A*24:02:01:01	HLA-B*35:03:01	HLA-B*40:01:02	HLA-C*03:04:01:01	HLA-C*06:02:01:01	n/a	n/a	HLA-DQB1*06:110	HLA-DQB1*06:39	HLA-DRB1*13:01:01	HLA-DRB1*13:02:01
3855000013881	a1255_WGS_16_B4	HLA-A*24:02:01:01	HLA-A*26:01:01	HLA-B*35:02:01	HLA-B*55:01:01	HLA-C*03:03:01	HLA-C*04:01:01:01	HLA-DQA1*01:04:01:01	HLA-DQA1*05:05:01:01	HLA-DQB1*03:01:01:01	HLA-DQB1*05:03:01:01	HLA-DRB1*11:04:01	HLA-DRB1*14:54:01
3855000014358	a1255_WGS_16_C2	HLA-A*03:72	HLA-A*24:104	HLA-B*18:01:01:01	HLA-B*55:01:01	HLA-C*03:03:01	HLA-C*07:01:01:01	n/a	n/a	HLA-DQB1*03:01:01:01	HLA-DQB1*05:01:01:01	HLA-DRB1*10:01:01	HLA-DRB1*11:04:01
3855000011934	a1255_WGS_1_A2	HLA-A*01:01:51	HLA-A*30:01:01	HLA-B*08:19N	HLA-B*13:02:01	HLA-C*06:02:01:01	HLA-C*07:01:01:01	HLA-DQA1*05:05:01:01	HLA-DQA1*05:05:01:01	HLA-DQB1*03:01:01:01	HLA-DQB1*06:02:01	HLA-DRB1*11:01:01	HLA-DRB1*15:01:01:01
3855000014365	a1255_WGS_16_F6	HLA-A*03:01:01:01	HLA-A*03:01:01:01	HLA-B*18:03	HLA-B*47:01:01:01	HLA-C*06:02:01:01	HLA-C*15:02:01	n/a	n/a	HLA-DQB1*03:01:01:01	HLA-DQB1*06:03:01	HLA-DRB1*11:04:01	HLA-DRB1*13:01:01
3855000012988	a1255_WGS_1_C7	HLA-A*02:01:01:01	HLA-A*03:01:01:01	HLA-B*08:01:01	HLA-B*35:01:01:01	HLA-C*04:01:01:01	HLA-C*07:01:01:01	HLA-DQA1*01:08	HLA-DQA1*01:08	HLA-DQB1*02:01:01	HLA-DQB1*06:04:01	HLA-DRB1*03:01:01:01	HLA-DRB1*13:02:01
3855000014377	a1255_WGS_2_G3	HLA-A*01:01:01:01	HLA-A*25:01:01	HLA-B*08:01:01	HLA-B*35:01:01:01	HLA-C*04:01:01:01	HLA-C*07:01:01:01	HLA-DQA1*06:01:02	HLA-DQA1*06:01:02	HLA-DQB1*02:01:01	HLA-DQB1*05:01:01:01	HLA-DRB1*01:01:01	HLA-DRB1*03:01:01:01
3855000012182	a1255_WGS_1_H9	HLA-A*01:01:01:01	HLA-A*23:01:01	HLA-B*35:02:01	HLA-B*40:01:02	HLA-C*04:01:01:01	HLA-C*04:01:01:01	HLA-DQA1*05:01:01:01	HLA-DQA1*05:01:01:01	HLA-DQB1*03:01:01:01	HLA-DQB1*06:03:01	HLA-DRB1*11:04:01	HLA-DRB1*13:01:01
3855000012322	a1255_WGS_2_D3	HLA-A*02:01:08	HLA-A*30:01:01	HLA-B*13:02:01	HLA-B*51:01:01	HLA-C*06:02:01:01	HLA-C*07:01:01:01	n/a	n/a	HLA-DQB1*02:01:01	HLA-DQB1*05:02:01	HLA-DRB1*07:01:01:01	HLA-DRB1*16:01:01
3855000012984	a1255_WGS_15_G12	HLA-A*02:01:01:01	HLA-A*32:01:01	HLA-B*35:32:01	HLA-B*39:24:01	HLA-C*04:01:01:01	HLA-C*07:01:01:01	HLA-DQA1*05:05:01:01	HLA-DQA1*05:05:01:01	HLA-DQB1*03:01:01:01	HLA-DQB1*03:01:01:01	HLA-DRB1*12:01:01	HLA-DRB1*13:03:01
3855000012204	a1255_WGS_2_C3	HLA-A*25:01:01	HLA-A*29:02:01:01	HLA-B*44:02:01:01	HLA-B*44:02:01:01	HLA-C*05:01:01:01	HLA-C*16:01:01	HLA-DQA1*02:01	HLA-DQA1*02:01	HLA-DQB1*02:02:01	HLA-DQB1*05:03:01:01	HLA-DRB1*07:01:01:01	HLA-DRB1*14:01:01
3855000013884	a1255_WGS_1_F4	HLA-A*01:01:01:01	HLA-A*29:02:01:01	HLA-B*44:03:01	HLA-B*57:01:01	HLA-C*06:02:01:01	HLA-C*16:01:01	n/a	n/a	HLA-DQB1*02:02:01	HLA-DQB1*03:03:02:01	HLA-DRB1*07:01:01:01	HLA-DRB1*07:01:01:01
3855000013577	a1255_WGS_16_B7	HLA-A*02:01:01:01	HLA-A*02:01:01:01	HLA-B*39:01:01:01	HLA-B*57:01:01	HLA-C*06:02:01:01	HLA-C*12:03:01:01	HLA-DQA1*02:01	HLA-DQA1*02:01	HLA-DQB1*03:03:02:01	HLA-DQB1*05:02:01	HLA-DRB1*07:01:01:01	HLA-DRB1*16:01:01
3855000012107	a1255_WGS_1_G9	HLA-A*02:01:01:01	HLA-A*24:02:01:01	HLA-B*07:02:01	HLA-B*50:01:01	HLA-C*06:02:01:01	HLA-C*07:02:01:01	HLA-DQA1*05:01:01:01	HLA-DQA1*05:01:01:01	HLA-DQB1*02:01:01	HLA-DQB1*03:01:01:01	HLA-DRB1*03:01:01:01	HLA-DRB1*11:01:01
3855000012383	a1255_WGS_15_B6	HLA-A*24:02:01:01	HLA-A*26:01:01	HLA-B*18:01:01:01	HLA-B*40:02:01	HLA-C*02:02:02:01	HLA-C*05:01:01:01	n/a	n/a	HLA-DQB1*02:01:01	HLA-DQB1*03:01:01:01	HLA-DRB1*03:01:01:01	HLA-DRB1*11:01:01
3855000013581	a1255_WGS_16_B1	HLA-A*01:37	HLA-A*03:01:01:01	HLA-B*35:01:01:01	HLA-B*52:01:01:01	HLA-C*04:01:01:01	HLA-C*12:02:02	n/a	n/a	HLA-DQB1*02:01:01	HLA-DQB1*03:01:01:01	HLA-DRB1*03:01:01:01	HLA-DRB1*11:04:04
3855000012150	a1255_WGS_15_H9	HLA-A*01:37	HLA-A*03:01:01:01	HLA-B*07:02:01	HLA-B*52:01:01:01	HLA-C*07:02:01:01	HLA-C*12:02:02	HLA-DQA1*02:01	HLA-DQA1*05:01:01:01	HLA-DQB1*02:01:01	HLA-DQB1*02:11	HLA-DRB1*03:01:01:01	HLA-DRB1*07:01:01:01
3855000013570	a1255_WGS_2_D2	HLA-A*01:01:01:01	HLA-A*02:01:01:01	HLA-B*07:02:01	HLA-B*52:01:01:01	HLA-C*07:02:01:01	HLA-C*12:02:02	HLA-DQA1*06:01:02	HLA-DQA1*06:01:02	HLA-DQB1*02:01:01	HLA-DQB1*04:02:01	HLA-DRB1*03:01:01:01	HLA-DRB1*08:01:01
3855000011836	a1255_WGS_15_D3	HLA-A*02:01:01:01	HLA-A*11:01:01	HLA-B*15:01:01:01	HLA-B*50:01:01	HLA-C*03:03:01	HLA-C*06:02:01:01	HLA-DQA1*05:01:01:01	HLA-DQA1*05:10	HLA-DQB1*02:01:01	HLA-DQB1*03:01:01:01	HLA-DRB1*03:01:01:01	HLA-DRB1*11:03
3855000014292	a1255_WGS_16_H1	HLA-A*02:01:01:01	HLA-A*31:01:13	HLA-B*51:01:01	HLA-B*55:01:01	HLA-C*03:03:01	HLA-C*15:02:01	n/a	n/a	HLA-DQB1*03:02:09	HLA-DQB1*04:02:01	HLA-DRB1*04:04:01	HLA-DRB1*08:01:01
3855000011722	a1255_WGS_15_E10	HLA-A*02:01:01:01	HLA-A*25:01:01	HLA-B*18:01:01:01	HLA-B*51:01:01	HLA-C*01:02:01	HLA-C*05:01:01:01	HLA-DQA1*05:01:01:01	HLA-DQA1*05:01:01:01	HLA-DQB1*02:01:01	HLA-DQB1*03:01:01:01	HLA-DRB1*03:01:01:01	HLA-DRB1*11:01:01
3855000012996	a1255_WGS_1_G8	HLA-A*02:01:08	HLA-A*31:01:02	HLA-B*35:01:01:01	HLA-B*44:02:01:01	HLA-C*04:01:01:01	HLA-C*07:04:01	n/a	n/a	HLA-DQB1*03:01:01:01	HLA-DQB1*06:03:01	HLA-DRB1*11:01:01	HLA-DRB1*15:01:01:01
3855000013434	a1255_WGS_15_A12	HLA-A*02:01:01:01	HLA-A*68:01:02:01	HLA-B*18:01:01:01	HLA-B*44:02:01:01	HLA-C*05:01:01:01	HLA-C*07:04:01	HLA-DQA1*05:05:01:01	HLA-DQA1*05:05:01:01	HLA-DQB1*02:01:01	HLA-DQB1*03:01:01:01	HLA-DRB1*03:01:01:01	HLA-DRB1*11:01:01
3855000011720	a1255_WGS_1_A5	HLA-A*02:01:01:01	HLA-A*11:01:01	HLA-B*18:03	HLA-B*44:02:01:01	HLA-C*07:01:01:01	HLA-C*07:04:01	n/a	n/a	HLA-DQB1*03:01:01:01	HLA-DQB1*03:01:01:01	HLA-DRB1*04:07:01	HLA-DRB1*11:04:01
3855000012313	a1255_WGS_1_A12	HLA-A*02:01:01:01	HLA-A*68:01:02:01	HLA-B*35:01:01:01	HLA-B*44:27:01	HLA-C*04:01:01:01	HLA-C*07:04:01	n/a	n/a	HLA-DQB1*05:01:01:01	HLA-DQB1*05:02:03	HLA-DRB1*01:01:01	HLA-DRB1*16:01:01
3855000012321	a1255_WGS_16_G5	HLA-A*11:01:01	HLA-A*32:01:01	HLA-B*18:03	HLA-B*44:02:01:01	HLA-C*07:01:01:01	HLA-C*07:04:01	HLA-DQA1*05:05:01:01	HLA-DQA1*05:05:01:01	HLA-DQB1*03:01:01:01	HLA-DQB1*05:02:01	HLA-DRB1*11:04:01	HLA-DRB1*16:01:01
3855000012964	a1255_WGS_16_F9	HLA-A*02:01:01:01	HLA-A*24:02:01:01	HLA-B*18:01:01:01	HLA-B*18:01:01:01	HLA-C*07:01:01:01	HLA-C*15:02:01	HLA-DQA1*05:05:01:01	HLA-DQA1*05:05:01:01	HLA-DQB1*03:01:01:01	HLA-DQB1*03:01:01:01	HLA-DRB1*11:01:01	HLA-DRB1*11:04:01
3855000013754	a1255_WGS_1_G2	HLA-A*01:01:01:01	HLA-A*31:01:02	HLA-B*38:01:01	HLA-B*38:01:01	HLA-C*06:02:01:01	HLA-C*12:03:01:01	n/a	n/a	HLA-DQB1*03:01:01:01	HLA-DQB1*03:03:02:01	HLA-DRB1*07:01:01:01	HLA-DRB1*11:04:01
3855000011613	a1255_WGS_1_B8	HLA-A*01:01:01:01	HLA-A*01:01:01:01	HLA-B*15:17:01:01	HLA-B*40:02:01	HLA-C*02:02:02:01	HLA-C*07:01:02	n/a	n/a	HLA-DQB1*03:01:01:01	HLA-DQB1*06:04:01	HLA-DRB1*11:01:01	HLA-DRB1*13:02:01
3855000011610	a1255_WGS_16_D3	HLA-A*01:01:01:01	HLA-A*24:02:01:01	HLA-B*40:02:01	HLA-B*49:01:01	HLA-C*02:02:02:01	HLA-C*07:01:01:01	HLA-DQA1*01:02:01:01	HLA-DQA1*05:05:01:01	HLA-DQB1*03:01:01:01	HLA-DQB1*06:04:01	HLA-DRB1*11:97	HLA-DRB1*13:02:01
3855000011727	a1255_WGS_16_D8	HLA-A*02:01:01:01	HLA-A*03:01:01:01	HLA-B*18:01:03	HLA-B*44:27:01	HLA-C*07:04:01	HLA-C*12:05	HLA-DQA1*01:12	HLA-DQA1*01:12	HLA-DQB1*03:01:01:01	HLA-DQB1*05:01:01:01	HLA-DRB1*01:01:01	HLA-DRB1*11:01:01
3855000012108	a1255_WGS_1_E6	HLA-A*26:15	HLA-A*29:02:01:01	HLA-B*38:01:01	HLA-B*44:03:01	HLA-C*12:03:01:01	HLA-C*16:01:01	HLA-DQA1*02:01	HLA-DQA1*05:05:01:01	HLA-DQB1*02:02:01	HLA-DQB1*03:01:01:01	HLA-DRB1*07:01:01:01	HLA-DRB1*11:04:01
3855000012979	a1255_WGS_2_E3	HLA-A*01:01:01:01	HLA-A*29:02:01:01	HLA-B*08:01:01	HLA-B*44:03:01	HLA-C*07:01:01:01	HLA-C*16:01:01	n/a	n/a	HLA-DQB1*02:01:01	HLA-DQB1*02:11	HLA-DRB1*03:01:01:01	HLA-DRB1*07:01:01:01
3855000013799	a1255_WGS_2_G1	HLA-A*11:88	HLA-A*24:50	HLA-B*35:01:01:01	HLA-B*35:01:01:01	HLA-C*04:01:01:01	HLA-C*04:01:01:01	n/a	n/a	HLA-DQB1*03:01:01:01	HLA-DQB1*05:02:01	HLA-DRB1*11:01:01	HLA-DRB1*16:01:01
3855000013496	a1255_WGS_1_C10	HLA-A*01:107	HLA-A*24:144	HLA-B*35:01:01:01	HLA-B*38:01:01	HLA-C*04:01:01:01	HLA-C*12:03:01:01	n/a	n/a	HLA-DQB1*03:01:01:01	HLA-DQB1*06:03:01	HLA-DRB1*11:01:01	HLA-DRB1*13:01:01
3855000014033	a1255_WGS_16_E8	HLA-A*02:01:01:01	HLA-A*24:02:01:01	HLA-B*35:01:01:01	HLA-B*49:01:01	HLA-C*04:01:01:01	HLA-C*07:01:01:01	HLA-DQA1*01:01:01	HLA-DQA1*01:06	HLA-DQB1*05:03:01:01	HLA-DQB1*06:04:01	HLA-DRB1*13:02:01	HLA-DRB1*14:01:01
3855000013760	a1255_WGS_2_E2	HLA-A*01:01:01:01	HLA-A*31:01:13	HLA-B*15:17:01:01	HLA-B*55:01:01	HLA-C*03:213	HLA-C*07:01:01:01	n/a	n/a	HLA-DQB1*05:02:01	HLA-DQB1*06:04:01	HLA-DRB1*13:02:01	HLA-DRB1*16:01:01
3855000014062	a1255_WGS_16_E5	HLA-A*01:01:01:01	HLA-A*24:02:01:01	HLA-B*07:02:01	HLA-B*27:04:01	HLA-C*07:02:01:01	HLA-C*15:02:01	HLA-DQA1*05:01:01:01	HLA-DQA1*05:01:02	HLA-DQB1*03:01:01:01	HLA-DQB1*06:02:01	HLA-DRB1*11:04:01	HLA-DRB1*15:01:01:01
3855000012007	a1255_WGS_1_F11	HLA-A*01:01:01:01	HLA-A*24:02:01:01	HLA-B*35:02:01	HLA-B*51:01:01	HLA-C*01:02:01	HLA-C*04:01:01:01	HLA-DQA1*05:03	HLA-DQA1*05:03	HLA-DQB1*03:01:01:01	HLA-DQB1*03:01:01:01	HLA-DRB1*11:01:01	HLA-DRB1*11:04:01
3855000013924	a1255_WGS_16_F7	HLA-A*02:01:01:01	HLA-A*32:01:01	HLA-B*35:08:01	HLA-B*55:01:01	HLA-C*03:03:01	HLA-C*04:01:01:01	n/a	n/a	HLA-DQB1*03:01:01:01	HLA-DQB1*06:04:01	HLA-DRB1*11:97	HLA-DRB1*13:02:01
3855000013679	a1255_WGS_15_C7	HLA-A*01:01:01:01	HLA-A*24:02:01:01	HLA-B*37:01:01	HLA-B*40:01:02	HLA-C*03:04:01:01	HLA-C*06:02:01:01	n/a	n/a	HLA-DQB1*06:03:01	HLA-DQB1*06:04:01	HLA-DRB1*13:01:01	HLA-DRB1*13:02:01
3855000012042	a1255_WGS_15_C12	HLA-A*01:01:01:01	HLA-A*32:01:01	HLA-B*08:01:01	HLA-B*57:01:01	HLA-C*06:02:01:01	HLA-C*07:01:01:01	n/a	n/a	HLA-DQB1*02:01:01	HLA-DQB1*04:02:01	HLA-DRB1*03:01:01:01	HLA-DRB1*08:01:01
3855000014482	a1255_WGS_1_E12	HLA-A*01:37	HLA-A*03:01:01:01	HLA-B*35:02:01	HLA-B*47:01:01:01	HLA-C*04:01:01:01	HLA-C*06:02:01:01	n/a	n/a	HLA-DQB1*03:01:01:01	HLA-DQB1*05:02:01	HLA-DRB1*13:03:01	HLA-DRB1*16:01:01
3855000013246	a1255_WGS_1_D7	HLA-A*01:01:01:01	HLA-A*24:02:01:01	HLA-B*08:01:01	HLA-B*44:02:01:01	HLA-C*07:01:01:01	HLA-C*07:01:01:01	HLA-DQA1*01:01:01	HLA-DQA1*05:01:01:01	HLA-DQB1*02:01:01	HLA-DQB1*05:01:01:01	HLA-DRB1*01:01:01	HLA-DRB1*03:01:01:01
3855000014586	a1255_WGS_1_A8	HLA-A*01:37	HLA-A*03:01:01:01	HLA-B*08:19N	HLA-B*47:01:01:01	HLA-C*06:02:01:01	HLA-C*07:01:01:01	HLA-DQA1*01:02:01:01	HLA-DQA1*01:02:01:01	HLA-DQB1*02:01:01	HLA-DQB1*05:02:01	HLA-DRB1*03:01:01:01	HLA-DRB1*16:01:01
3855000014486	a1255_WGS_1_F12	HLA-A*01:01:01:01	HLA-A*01:01:01:01	HLA-B*08:01:01	HLA-B*35:02:01	HLA-C*04:01:01:01	HLA-C*07:01:01:01	n/a	n/a	HLA-DQB1*02:01:01	HLA-DQB1*03:01:01:01	HLA-DRB1*03:01:01:01	HLA-DRB1*13:03:01
3855000011810	a1255_WGS_2_D1	HLA-A*02:01:01:01	HLA-A*02:01:01:01	HLA-B*51:01:01	HLA-B*73:01	HLA-C*02:02:02:01	HLA-C*15:05:01	n/a	n/a	HLA-DQB1*02:02:01	HLA-DQB1*03:01:01:01	HLA-DRB1*04:05:01	HLA-DRB1*11:01:01
3855000012214	a1255_WGS_1_A7	HLA-A*03:26	HLA-A*11:01:01	HLA-B*51:01:01	HLA-B*51:01:01	HLA-C*12:02:02	HLA-C*15:02:01	n/a	n/a	HLA-DQB1*05:01:01:01	HLA-DQB1*05:01:01:01	HLA-DRB1*01:01:01	HLA-DRB1*01:01:01
3855000013862	a1255_WGS_2_H2	HLA-A*02:01:01:01	HLA-A*25:01:01	HLA-B*39:01:01:01	HLA-B*44:02:01:01	HLA-C*05:01:04	HLA-C*12:03:01:01	n/a	n/a	HLA-DQB1*03:01:01:01	HLA-DQB1*03:01:01:01	HLA-DRB1*11:01:01	HLA-DRB1*12:01:01
3855000014169	a1255_WGS_15_A6	HLA-A*01:01:01:01	HLA-A*26:01:01	HLA-B*38:01:01	HLA-B*51:01:01	HLA-C*01:02:01	HLA-C*12:03:01:01	HLA-DQA1*03:02	HLA-DQA1*05:03	HLA-DQB1*03:01:01:01	HLA-DQB1*03:03:02:01	HLA-DRB1*11:01:01	HLA-DRB1*11:01:04
3855000011798	a1255_WGS_16_G4	HLA-A*03:01:01:01	HLA-A*31:01:13	HLA-B*44:02:01:01	HLA-B*55:01:01	HLA-C*03:04:01:01	HLA-C*07:04:01	n/a	n/a	HLA-DQB1*05:01:01:01	HLA-DQB1*05:02:07	HLA-DRB1*10:01:01	HLA-DRB1*16:01:01
3855000014263	a1255_WGS_16_B10	HLA-A*01:37	HLA-A*03:01:01:01	HLA-B*15:17:01:01	HLA-B*44:02:01:01	HLA-C*07:01:02	HLA-C*07:04:01	n/a	n/a	HLA-DQB1*05:01:01:01	HLA-DQB1*06:04:01	HLA-DRB1*10:01:01	HLA-DRB1*13:02:01
3855000013890	a1255_WGS_15_D7	HLA-A*26:01:25	HLA-A*31:01:02	HLA-B*27:05:02	HLA-B*51:01:01	HLA-C*02:02:02:01	HLA-C*15:04	HLA-DQA1*01:01:01	HLA-DQA1*05:05:01:01	HLA-DQB1*03:01:01:01	HLA-DQB1*05:01:01:01	HLA-DRB1*01:01:01	HLA-DRB1*11:01:01
3855000013069	a1255_WGS_16_B9	HLA-A*02:01:01:01	HLA-A*03:01:01:01	HLA-B*27:05:02	HLA-B*39:01:01:01	HLA-C*02:02:02:01	HLA-C*12:03:01:01	n/a	n/a	HLA-DQB1*03:01:01:01	HLA-DQB1*06:02:01	HLA-DRB1*11:01:01	HLA-DRB1*15:01:01:01
3855000014465	a1255_WGS_15_D9	HLA-A*02:01:01:01	HLA-A*11:01:01	HLA-B*35:01:01:01	HLA-B*57:01:01	HLA-C*04:01:01:01	HLA-C*06:02:01:01	n/a	n/a	HLA-DQB1*03:01:01:01	HLA-DQB1*06:03:01	HLA-DRB1*11:01:01	HLA-DRB1*13:01:01
3855000012886	a1255_WGS_2_C2	HLA-A*24:02:01:01	HLA-A*30:24	HLA-B*13:02:01	HLA-B*35:03:01	HLA-C*04:01:01:01	HLA-C*06:02:01:01	HLA-DQA1*01:01:01	HLA-DQA1*02:01	HLA-DQB1*02:02:01	HLA-DQB1*05:01:01:01	HLA-DRB1*01:01:01	HLA-DRB1*07:01:01:01
3855000014050	a1255_WGS_16_B8	HLA-A*03:26	HLA-A*11:01:01	HLA-B*35:01:01:01	HLA-B*51:05	HLA-C*04:01:01:01	HLA-C*04:01:01:01	HLA-DQA1*01:01:01	HLA-DQA1*01:03:01:01	HLA-DQB1*05:01:01:01	HLA-DQB1*06:03:01	HLA-DRB1*01:01:01	HLA-DRB1*13:01:01
3855000011832	a1255_WGS_15_E4	HLA-A*29:02:07	HLA-A*68:01:02:01	HLA-B*40:27:01	HLA-B*44:03:01	HLA-C*03:04:01:01	HLA-C*16:01:01	n/a	n/a	HLA-DQB1*02:02:01	HLA-DQB1*03:02:01	HLA-DRB1*04:04:01	HLA-DRB1*07:01:01:01
3855000011834	a1255_WGS_1_D6	HLA-A*02:01:01:01	HLA-A*29:02:01:01	HLA-B*44:03:01	HLA-B*51:01:01	HLA-C*05:01:01:01	HLA-C*16:01:01	n/a	n/a	HLA-DQB1*02:02:01	HLA-DQB1*05:02:01	HLA-DRB1*07:01:01:01	HLA-DRB1*16:01:01
3855000014260	a1255_WGS_15_E11	HLA-A*01:01:01:01	HLA-A*31:01:13	HLA-B*07:05:01	HLA-B*14:01:01	HLA-C*08:02:01:01	HLA-C*15:05:02	HLA-DQA1*03:01:01	HLA-DQA1*05:05:01:01	HLA-DQB1*03:01:01:01	HLA-DQB1*03:05:01	HLA-DRB1*01:03	HLA-DRB1*04:03:01
3855000012434	a1255_WGS_1_B7	HLA-A*01:01:01:01	HLA-A*24:02:01:01	HLA-B*15:09	HLA-B*51:01:01	HLA-C*02:02:02:01	HLA-C*07:04:01	HLA-DQA1*05:05:01:01	HLA-DQA1*05:05:01:01	HLA-DQB1*03:01:01:01	HLA-DQB1*03:01:01:01	HLA-DRB1*11:01:08	HLA-DRB1*11:03
3855000013606	a1255_WGS_15_B4	HLA-A*02:14	HLA-A*33:01:01	HLA-B*15:220	HLA-B*35:01:01:01	HLA-C*04:01:01:01	HLA-C*04:01:01:01	HLA-DQA1*03:01:01	HLA-DQA1*03:01:01	HLA-DQB1*02:01:01	HLA-DQB1*03:02:01	HLA-DRB1*04:02:01	HLA-DRB1*04:05:01
3855000014158	a1255_WGS_15_F2	HLA-A*02:01:01:01	HLA-A*26:01:01	HLA-B*18:01:01:01	HLA-B*35:02:01	HLA-C*01:02:01	HLA-C*04:01:01:01	HLA-DQA1*05:01:01:01	HLA-DQA1*05:01:02	HLA-DQB1*02:01:01	HLA-DQB1*03:01:01:01	HLA-DRB1*03:01:01:01	HLA-DRB1*11:04:01
3855000014458	a1255_WGS_16_A6	HLA-A*01:01:01:01	HLA-A*02:01:01:01	HLA-B*15:01:01:01	HLA-B*35:02:01	HLA-C*03:03:01	HLA-C*04:01:01:01	HLA-DQA1*05:01:01:01	HLA-DQA1*05:01:01:01	HLA-DQB1*02:01:01	HLA-DQB1*03:01:01:01	HLA-DRB1*03:01:01:01	HLA-DRB1*11:03
3855000012090	a1255_WGS_1_G11	HLA-A*02:01:01:01	HLA-A*30:02:01:01	HLA-B*18:01:01:01	HLA-B*51:01:07	HLA-C*05:01:01:01	HLA-C*16:01:01	n/a	n/a	HLA-DQB1*02:01:01	HLA-DQB1*03:02:01	HLA-DRB1*03:01:01:01	HLA-DRB1*04:05:01
3855000012148	a1255_WGS_1_H11	n/a	n/a	n/a	n/a	n/a	n/a	n/a	n/a	n/a	n/a	HLA-DRB1*07:01:01:01	HLA-DRB1*07:01:01:01
3855000011819	a1255_WGS_2_B3	HLA-A*03:01:01:01	HLA-A*32:01:01	HLA-B*07:02:01	HLA-B*27:09	HLA-C*01:02:01	HLA-C*07:02:01:01	n/a	n/a	HLA-DQB1*03:01:01:01	HLA-DQB1*05:01:01:01	HLA-DRB1*10:01:01	HLA-DRB1*11:01:01
3855000014338	a1255_WGS_1_B11	HLA-A*24:02:01:01	HLA-A*30:24	HLA-B*13:02:01	HLA-B*18:01:01:01	HLA-C*06:02:01:01	HLA-C*12:03:01:01	HLA-DQA1*02:01	HLA-DQA1*05:05:01:01	HLA-DQB1*02:02:01	HLA-DQB1*03:01:01:01	HLA-DRB1*07:01:01:01	HLA-DRB1*11:04:01
3855000012348	a1255_WGS_1_A10	HLA-A*02:01:01:01	HLA-A*02:01:01:01	HLA-B*15:01:06	HLA-B*37:01:01	HLA-C*03:03:01	HLA-C*06:02:01:01	HLA-DQA1*01:01:01	HLA-DQA1*01:06	HLA-DQB1*05:01:01:01	HLA-DQB1*05:01:01:01	HLA-DRB1*01:01:01	HLA-DRB1*10:01:01
3855000013885	a1255_WGS_16_A4	HLA-A*02:01:01:01	HLA-A*26:01:01	HLA-B*18:01:01:01	HLA-B*35:02:01	HLA-C*01:02:01	HLA-C*04:01:01:01	HLA-DQA1*05:01:01:01	HLA-DQA1*05:01:01:01	HLA-DQB1*02:01:01	HLA-DQB1*03:01:01:01	HLA-DRB1*03:01:01:01	HLA-DRB1*11:04:01
3855000013709	a1255_WGS_1_H10	HLA-A*01:37	HLA-A*03:02:01	HLA-B*08:01:01	HLA-B*51:01:01	HLA-C*07:01:01:01	HLA-C*15:06:01	HLA-DQA1*05:01:01:01	HLA-DQA1*05:01:02	HLA-DQB1*02:01:01	HLA-DQB1*05:02:01	HLA-DRB1*03:01:01:01	HLA-DRB1*15:01:01:01
3855000013652	a1255_WGS_1_F7	HLA-A*03:02:01	HLA-A*24:02:01:01	HLA-B*35:03:01	HLA-B*51:01:01	HLA-C*04:01:01:01	HLA-C*15:06:01	n/a	n/a	HLA-DQB1*03:01:01:01	HLA-DQB1*05:02:01	HLA-DRB1*11:01:01	HLA-DRB1*15:01:01:01
3855000013148	a1255_WGS_15_E3	HLA-A*01:01:01:01	HLA-A*23:01:01	HLA-B*35:01:01:01	HLA-B*49:01:01	HLA-C*07:01:01:01	HLA-C*07:01:01:01	HLA-DQA1*01:02:02	HLA-DQA1*05:05:01:01	HLA-DQB1*03:01:01:01	HLA-DQB1*05:02:01	HLA-DRB1*11:01:01	HLA-DRB1*16:01:01
3855000014257	a1255_WGS_1_H6	HLA-A*01:01:01:01	HLA-A*32:01:01	HLA-B*08:01:01	HLA-B*51:01:01	HLA-C*05:01:01:01	HLA-C*07:01:01:01	HLA-DQA1*05:01:01:01	HLA-DQA1*05:01:01:01	HLA-DQB1*02:01:01	HLA-DQB1*03:01:01:01	HLA-DRB1*03:01:01:01	HLA-DRB1*11:01:01
3855000013540	a1255_WGS_1_F2	HLA-A*31:01:02	HLA-A*66:01:01	HLA-B*15:01:01:01	HLA-B*39:01:01:01	HLA-C*03:03:01	HLA-C*12:03:01:01	HLA-DQA1*02:01	HLA-DQA1*02:01	HLA-DQB1*03:01:01:01	HLA-DQB1*03:03:02:01	HLA-DRB1*07:01:01:01	HLA-DRB1*11:03
3855000013953	a1255_WGS_16_D9	HLA-A*02:01:01:01	HLA-A*02:01:01:01	HLA-B*08:01:01	HLA-B*18:01:01:01	HLA-C*05:01:01:01	HLA-C*15:02:01	HLA-DQA1*01:03:01:01	HLA-DQA1*05:01:01:01	HLA-DQB1*02:01:01	HLA-DQB1*06:03:01	HLA-DRB1*03:01:01:01	HLA-DRB1*13:01:01
3855000013949	a1255_WGS_15_E2	HLA-A*02:01:01:01	HLA-A*02:01:01:01	HLA-B*08:01:01	HLA-B*44:05:01	HLA-C*02:02:02:01	HLA-C*15:02:01	n/a	n/a	HLA-DQB1*05:02:01	HLA-DQB1*06:03:01	HLA-DRB1*13:01:01	HLA-DRB1*16:01:01
3855000012006	a1255_WGS_15_A11	HLA-A*24:02:65	HLA-A*29:01:01:01	HLA-B*35:01:01:01	HLA-B*35:01:01:01	HLA-C*04:01:01:01	HLA-C*04:01:01:01	HLA-DQA1*02:01	HLA-DQA1*02:01	HLA-DQB1*03:01:01:01	HLA-DQB1*03:03:02:01	HLA-DRB1*07:01:01:01	HLA-DRB1*11:01:01
3855000012339	a1255_WGS_15_D2	HLA-A*11:88	HLA-A*24:50	HLA-B*15:09	HLA-B*56:01:01	HLA-C*01:02:01	HLA-C*07:04:01	HLA-DQA1*01:01:01	HLA-DQA1*01:01:01	HLA-DQB1*05:01:01:01	HLA-DQB1*06:04:01	HLA-DRB1*01:01:01	HLA-DRB1*13:02:01
3855000013310	a1255_WGS_1_E7	HLA-A*24:02:01:01	HLA-A*24:02:01:01	HLA-B*35:03:01	HLA-B*39:01:01:01	HLA-C*12:03:01:01	HLA-C*12:03:01:01	HLA-DQA1*03:01:01	HLA-DQA1*03:01:01	HLA-DQB1*03:01:01:01	HLA-DQB1*03:02:01	HLA-DRB1*04:01:01	HLA-DRB1*11:04:01
3855000011658	a1255_WGS_15_B12	HLA-A*02:01:11	HLA-A*29:01:01:02N	HLA-B*18:01:01:01	HLA-B*38:01:01	HLA-C*07:01:01:01	HLA-C*12:03:01:01	HLA-DQA1*01:04:01:01	HLA-DQA1*01:04:01:01	HLA-DQB1*05:03:01:01	HLA-DQB1*05:03:01:01	HLA-DRB1*14:01:01	HLA-DRB1*14:01:01
3855000013617	a1255_WGS_1_F10	HLA-A*02:01:01:01	HLA-A*03:01:01:01	HLA-B*18:01:01:01	HLA-B*57:01:01	HLA-C*06:02:01:01	HLA-C*07:01:01:01	n/a	n/a	HLA-DQB1*05:01:01:01	HLA-DQB1*05:02:01	HLA-DRB1*01:01:01	HLA-DRB1*16:01:01
3855000012685	a1255_WGS_1_D8	HLA-A*02:01:01:01	HLA-A*02:01:01:01	HLA-B*51:01:01	HLA-B*51:01:01	HLA-C*02:02:02:01	HLA-C*16:01:01	n/a	n/a	HLA-DQB1*03:01:01:01	HLA-DQB1*05:02:01	HLA-DRB1*11:01:01	HLA-DRB1*16:01:01
3855000013085	a1255_WGS_1_G6	HLA-A*24:02:01:01	HLA-A*29:02:01:01	HLA-B*07:02:01	HLA-B*58:01:01	HLA-C*03:02:02:01	HLA-C*07:02:01:01	HLA-DQA1*01:01:01	HLA-DQA1*05:01:01:01	HLA-DQB1*02:01:01	HLA-DQB1*05:01:01:01	HLA-DRB1*01:01:01	HLA-DRB1*03:01:01:01
3855000013479	a1255_WGS_1_E2	HLA-A*26:01:01	HLA-A*32:01:01	HLA-B*08:01:01	HLA-B*18:01:01:01	HLA-C*02:02:02:01	HLA-C*07:02:01:01	HLA-DQA1*05:01:01:01	HLA-DQA1*05:01:01:01	HLA-DQB1*02:01:01	HLA-DQB1*03:01:01:01	HLA-DRB1*03:01:01:01	HLA-DRB1*11:01:01
3855000012748	a1255_WGS_1_E8	HLA-A*02:01:01:01	HLA-A*26:01:01	HLA-B*07:02:01	HLA-B*44:02:01:01	HLA-C*07:02:01:01	HLA-C*07:04:01	n/a	n/a	HLA-DQB1*03:01:01:01	HLA-DQB1*03:01:01:01	HLA-DRB1*04:07:01	HLA-DRB1*11:01:01
3855000011651	a1255_WGS_1_C8	HLA-A*24:02:01:01	HLA-A*26:01:01	HLA-B*18:01:01:01	HLA-B*38:01:01	HLA-C*05:01:04	HLA-C*12:03:01:01	n/a	n/a	HLA-DQB1*02:01:01	HLA-DQB1*06:03:01	HLA-DRB1*03:01:01:01	HLA-DRB1*13:01:01
3855000014408	a1255_WGS_1_H5	HLA-A*01:01:01:01	HLA-A*02:01:01:01	HLA-B*08:01:01	HLA-B*18:01:01:01	HLA-C*07:01:01:01	HLA-C*07:01:01:01	n/a	n/a	HLA-DQB1*02:01:01	HLA-DQB1*05:01:01:01	HLA-DRB1*01:01:01	HLA-DRB1*03:01:01:01
3855000014409	a1255_WGS_16_E4	HLA-A*01:01:01:01	HLA-A*02:01:01:01	HLA-B*08:01:01	HLA-B*18:01:01:01	HLA-C*07:01:01:01	HLA-C*07:01:01:01	HLA-DQA1*01:01:01	HLA-DQA1*05:01:02	HLA-DQB1*02:01:01	HLA-DQB1*05:01:01:01	HLA-DRB1*01:01:01	HLA-DRB1*03:01:01:01
3855000011805	a1255_WGS_1_C6	HLA-A*11:01:01	HLA-A*32:01:01	HLA-B*44:02:01:01	HLA-B*57:01:01	HLA-C*05:01:04	HLA-C*06:02:01:01	n/a	n/a	HLA-DQB1*03:01:01:01	HLA-DQB1*04:02:01	HLA-DRB1*04:01:01	HLA-DRB1*08:01:01
3855000014151	a1255_WGS_2_H1	HLA-A*02:01:01:01	HLA-A*11:01:01	HLA-B*44:02:01:01	HLA-B*57:01:01	HLA-C*05:01:04	HLA-C*06:02:01:01	n/a	n/a	HLA-DQB1*02:01:01	HLA-DQB1*03:01:01:01	HLA-DRB1*04:01:01	HLA-DRB1*04:05:01
3855000014236	a1255_WGS_15_F7	HLA-A*02:01:01:01	HLA-A*29:02:01:01	HLA-B*07:02:01	HLA-B*18:01:01:01	HLA-C*07:01:01:01	HLA-C*07:02:01:01	n/a	n/a	HLA-DQB1*03:01:01:01	HLA-DQB1*06:02:01	HLA-DRB1*11:04:01	HLA-DRB1*15:01:01:01
3855000013647	a1255_WGS_15_G7	HLA-A*24:02:01:01	HLA-A*26:01:01	HLA-B*38:01:01	HLA-B*38:01:01	HLA-C*12:03:01:01	HLA-C*12:03:01:01	HLA-DQA1*01:01:01	HLA-DQA1*01:02:02	HLA-DQB1*05:01:01:01	HLA-DQB1*05:02:01	HLA-DRB1*01:01:01	HLA-DRB1*16:15
3855000012447	a1255_WGS_16_E2	HLA-A*02:01:01:01	HLA-A*02:01:01:01	HLA-B*51:01:01	HLA-B*51:01:01	HLA-C*02:02:02:01	HLA-C*15:02:01	n/a	n/a	HLA-DQB1*06:02:01	HLA-DQB1*06:02:01	HLA-DRB1*15:01:01:01	HLA-DRB1*15:01:01:01
3855000013864	a1255_WGS_16_E9	HLA-A*02:01:01:01	HLA-A*02:01:01:01	HLA-B*18:01:01:01	HLA-B*38:01:01	HLA-C*07:01:01:01	HLA-C*12:03:01:01	n/a	n/a	HLA-DQB1*03:01:01:01	HLA-DQB1*04:02:01	HLA-DRB1*08:01:01	HLA-DRB1*11:01:01
3855000013651	a1255_WGS_16_C10	HLA-A*02:01:01:01	HLA-A*11:01:01	HLA-B*18:01:01:01	HLA-B*57:01:01	HLA-C*07:01:01:01	HLA-C*12:03:01:01	HLA-DQA1*02:01	HLA-DQA1*02:01	HLA-DQB1*03:01:01:01	HLA-DQB1*03:03:02:01	HLA-DRB1*07:01:01:01	HLA-DRB1*11:04:01
3855000011655	a1255_WGS_1_G1	HLA-A*11:01:01	HLA-A*23:01:01	HLA-B*49:01:01	HLA-B*57:01:01	HLA-C*07:01:01:01	HLA-C*07:01:01:01	HLA-DQA1*02:01	HLA-DQA1*02:01	HLA-DQB1*03:01:01:01	HLA-DQB1*03:03:02:01	HLA-DRB1*07:01:01:01	HLA-DRB1*11:01:01
3855000013118	a1255_WGS_15_C4	HLA-A*02:01:01:01	HLA-A*31:01:13	HLA-B*08:19N	HLA-B*55:01:01	HLA-C*03:04:01:01	HLA-C*15:02:01	n/a	n/a	HLA-DQB1*05:01:01:01	HLA-DQB1*06:03:01	HLA-DRB1*13:01:01	HLA-DRB1*13:01:01
3855000013815	a1255_WGS_16_G9	HLA-A*03:72	HLA-A*24:104	HLA-B*35:01:01:01	HLA-B*35:01:01:01	HLA-C*04:01:01:01	HLA-C*04:01:01:01	n/a	n/a	HLA-DQB1*03:01:01:01	HLA-DQB1*05:01:01:01	HLA-DRB1*01:01:01	HLA-DRB1*11:01:01
3855000012921	a1255_WGS_15_F9	HLA-A*23:01:01	HLA-A*30:02:01:01	HLA-B*35:01:01:01	HLA-B*41:01:01	HLA-C*04:01:01:01	HLA-C*17:01:01:01	HLA-DQA1*03:01:01	HLA-DQA1*03:01:01	HLA-DQB1*02:02:01	HLA-DQB1*03:01:01:01	HLA-DRB1*04:05:01	HLA-DRB1*11:04:01
3855000014052	a1255_WGS_1_G5	HLA-A*01:02	HLA-A*24:02:01:01	HLA-B*35:01:01:01	HLA-B*49:01:01	HLA-C*04:01:01:01	HLA-C*07:01:01:01	n/a	n/a	HLA-DQB1*03:01:01:01	HLA-DQB1*03:02:01	HLA-DRB1*04:05:01	HLA-DRB1*11:01:01
3855000012962	a1255_WGS_1_B12	HLA-A*03:01:01:01	HLA-A*25:01:01	HLA-B*18:01:01:01	HLA-B*35:01:01:01	HLA-C*04:01:01:01	HLA-C*12:03:01:01	n/a	n/a	HLA-DQB1*03:02:01	HLA-DQB1*06:02:01	HLA-DRB1*04:01:01	HLA-DRB1*15:01:01:01
3855000011775	a1255_WGS_1_D9	HLA-A*02:01:01:01	HLA-A*03:01:01:01	HLA-B*07:02:01	HLA-B*56:01:01	HLA-C*01:02:01	HLA-C*07:02:01:01	n/a	n/a	HLA-DQB1*05:01:01:01	HLA-DQB1*06:02:01	HLA-DRB1*01:01:01	HLA-DRB1*15:01:01:01
3855000013115	a1255_WGS_15_E9	HLA-A*02:01:01:01	HLA-A*11:01:01	HLA-B*35:01:01:01	HLA-B*56:01:01	HLA-C*01:02:01	HLA-C*04:01:01:01	n/a	n/a	HLA-DQB1*04:02:01	HLA-DQB1*05:01:01:01	HLA-DRB1*01:01:01	HLA-DRB1*08:01:01
3855000011824	a1255_WGS_15_B9	HLA-A*11:01:01	HLA-A*68:01:02:01	HLA-B*35:01:01:01	HLA-B*57:01:01	HLA-C*04:01:01:01	HLA-C*06:02:01:01	HLA-DQA1*02:01	HLA-DQA1*02:01	HLA-DQB1*03:03:02:01	HLA-DQB1*05:03:01:01	HLA-DRB1*07:01:01:01	HLA-DRB1*14:54:01
3855000011683	a1255_WGS_1_C4	HLA-A*02:01:01:01	HLA-A*24:02:01:01	HLA-B*18:01:01:01	HLA-B*51:01:01	HLA-C*01:02:01	HLA-C*12:03:01:01	HLA-DQA1*05:05:01:01	HLA-DQA1*05:05:01:01	HLA-DQB1*03:01:01:01	HLA-DQB1*03:01:01:01	HLA-DRB1*01:01:01	HLA-DRB1*11:04:01
3855000012874	a1255_WGS_15_F1	HLA-A*02:01:01:01	HLA-A*24:02:01:01	HLA-B*18:01:01:01	HLA-B*51:01:01	HLA-C*01:02:01	HLA-C*12:03:01:01	n/a	n/a	HLA-DQB1*03:01:01:01	HLA-DQB1*03:01:01:01	HLA-DRB1*11:01:01	HLA-DRB1*11:04:01
3855000011891	a1255_WGS_1_E11	HLA-A*01:01:01:01	HLA-A*23:01:01	HLA-B*35:01:01:01	HLA-B*49:01:01	HLA-C*04:01:01:01	HLA-C*07:01:01:01	HLA-DQA1*05:05:01:01	HLA-DQA1*05:05:01:01	HLA-DQB1*03:01:01:01	HLA-DQB1*03:01:01:01	HLA-DRB1*11:01:01	HLA-DRB1*11:01:01
3855000013433	a1255_WGS_1_D2	HLA-A*24:02:01:01	HLA-A*24:02:01:01	HLA-B*18:01:01:01	HLA-B*57:01:01	HLA-C*06:02:01:01	HLA-C*12:03:01:01	HLA-DQA1*05:01:02	HLA-DQA1*05:01:02	HLA-DQB1*03:01:01:01	HLA-DQB1*03:03:02:01	HLA-DRB1*07:01:01:01	HLA-DRB1*11:04:01
3855000014061	a1255_WGS_1_B9	HLA-A*02:01:01:01	HLA-A*29:02:01:01	HLA-B*44:03:01	HLA-B*51:01:01	HLA-C*15:02:01	HLA-C*16:01:01	n/a	n/a	HLA-DQB1*02:01:01	HLA-DQB1*03:02:01	HLA-DRB1*04:04:01	HLA-DRB1*07:01:01:01
3855000013710	a1255_WGS_15_G5	HLA-A*03:02:01	HLA-A*24:02:01:01	HLA-B*35:02:01	HLA-B*51:01:01	HLA-C*04:01:01:01	HLA-C*15:06:01	n/a	n/a	HLA-DQB1*03:01:01:01	HLA-DQB1*05:02:01	HLA-DRB1*11:04:01	HLA-DRB1*15:01:01:01
3855000013655	a1255_WGS_1_G7	HLA-A*02:01:01:01	HLA-A*24:02:01:01	HLA-B*35:03:01	HLA-B*56:01:01	HLA-C*01:02:01	HLA-C*04:01:01:01	HLA-DQA1*01:01:01	HLA-DQA1*01:01:01	HLA-DQB1*05:01:01:01	HLA-DQB1*05:02:01	HLA-DRB1*01:01:01	HLA-DRB1*16:01:01
3855000014287	a1255_WGS_15_B8	HLA-A*29:02:01:01	HLA-A*31:01:02	HLA-B*44:03:01	HLA-B*55:01:01	HLA-C*03:03:01	HLA-C*16:01:01	HLA-DQA1*02:01	HLA-DQA1*04:01:01	HLA-DQB1*02:02:01	HLA-DQB1*04:02:01	HLA-DRB1*07:01:01:01	HLA-DRB1*08:01:03
3855000013630	a1255_WGS_15_H10	HLA-A*02:01:01:01	HLA-A*32:01:01	HLA-B*18:01:01:01	HLA-B*40:02:01	HLA-C*02:02:02:01	HLA-C*07:01:01:01	HLA-DQA1*01:01:01	HLA-DQA1*05:05:01:01	HLA-DQB1*03:01:01:01	HLA-DQB1*05:01:01:01	HLA-DRB1*01:01:01	HLA-DRB1*11:01:01
3855000013564	a1255_WGS_2_B1	HLA-A*01:01:01:01	HLA-A*32:01:01	HLA-B*08:01:01	HLA-B*18:01:01:01	HLA-C*07:01:01:01	HLA-C*07:01:01:01	n/a	n/a	HLA-DQB1*02:01:01	HLA-DQB1*05:03:01:01	HLA-DRB1*03:01:01:01	HLA-DRB1*14:01:01
3855000012365	a1255_WGS_16_C9	HLA-A*01:01:01:01	HLA-A*24:02:01:01	HLA-B*07:02:01	HLA-B*39:01:01:01	HLA-C*07:02:01:01	HLA-C*12:03:01:01	HLA-DQA1*01:03:01:01	HLA-DQA1*05:05:01:01	HLA-DQB1*03:01:01:01	HLA-DQB1*06:03:01	HLA-DRB1*11:01:01	HLA-DRB1*13:01:01
3855000012639	a1255_WGS_2_F1	HLA-A*02:01:01:01	HLA-A*26:26	HLA-B*38:01:01	HLA-B*38:01:01	HLA-C*12:03:01:01	HLA-C*12:03:01:01	n/a	n/a	HLA-DQB1*05:01:01:01	HLA-DQB1*06:03:01	HLA-DRB1*10:01:01	HLA-DRB1*13:01:01
3855000012612	a1255_WGS_1_B2	HLA-A*03:01:01:01	HLA-A*26:26	HLA-B*35:01:01:01	HLA-B*38:01:01	HLA-C*04:01:01:01	HLA-C*12:03:01:01	HLA-DQA1*01:05:01	HLA-DQA1*01:05:01	HLA-DQB1*05:01:01:01	HLA-DQB1*05:01:01:01	HLA-DRB1*01:01:01	HLA-DRB1*10:01:01
3855000013330	a1255_WGS_1_F5	HLA-A*02:01:01:01	HLA-A*26:01:01	HLA-B*50:01:01	HLA-B*51:01:01	HLA-C*05:01:04	HLA-C*06:02:01:01	n/a	n/a	HLA-DQB1*02:01:01	HLA-DQB1*04:02:01	HLA-DRB1*03:01:01:01	HLA-DRB1*13:01:01
3855000013882	a1255_WGS_1_D3	HLA-A*02:01:01:01	HLA-A*11:01:01	HLA-B*51:08:01	HLA-B*57:01:01	HLA-C*06:02:01:01	HLA-C*16:02:01	HLA-DQA1*01:04:01:01	HLA-DQA1*05:05:01:01	HLA-DQB1*03:01:01:01	HLA-DQB1*05:03:01:01	HLA-DRB1*11:04:01	HLA-DRB1*14:54:01
3855000013867	a1255_WGS_15_G8	HLA-A*30:33	HLA-A*33:01:01	HLA-B*18:01:01:01	HLA-B*35:01:01:01	HLA-C*04:01:01:01	HLA-C*05:01:01:01	HLA-DQA1*03:01:01	HLA-DQA1*05:01:01:01	HLA-DQB1*02:01:01	HLA-DQB1*03:02:01	HLA-DRB1*03:01:01:01	HLA-DRB1*04:02:01
3855000011702	a1255_WGS_1_A6	HLA-A*25:01:01	HLA-A*25:01:01	HLA-B*35:03:01	HLA-B*51:01:01	HLA-C*05:01:04	HLA-C*12:03:01:01	HLA-DQA1*04:03N	HLA-DQA1*04:03N	HLA-DQB1*03:01:01:01	HLA-DQB1*04:02:01	HLA-DRB1*12:06	HLA-DRB1*13:01:01
3855000013273	a1255_WGS_16_D7	HLA-A*03:01:01:02N	HLA-A*03:01:01:02N	HLA-B*35:02:01	HLA-B*47:01:01:01	HLA-C*04:01:01:01	HLA-C*06:02:01:01	n/a	n/a	HLA-DQB1*02:01:01	HLA-DQB1*06:03:01	HLA-DRB1*03:01:01:01	HLA-DRB1*11:04:01
3855000011728	a1255_WGS_2_A2	HLA-A*02:01:01:01	HLA-A*02:01:01:01	HLA-B*44:02:01:01	HLA-B*50:01:01	HLA-C*06:02:01:01	HLA-C*07:04:01	n/a	n/a	HLA-DQB1*02:01:01	HLA-DQB1*03:01:01:01	HLA-DRB1*03:01:01:01	HLA-DRB1*11:01:01
3855000011725	a1255_WGS_16_C6	HLA-A*02:01:01:01	HLA-A*02:01:01:01	HLA-B*18:01:03	HLA-B*50:01:01	HLA-C*06:02:01:01	HLA-C*07:01:01:01	n/a	n/a	HLA-DQB1*02:01:01	HLA-DQB1*06:03:01	HLA-DRB1*03:01:01:01	HLA-DRB1*13:117
3855000013796	a1255_WGS_1_E1	HLA-A*11:01:01	HLA-A*32:01:01	HLA-B*18:26	HLA-B*51:01:07	HLA-C*07:01:01:01	HLA-C*16:02:01	HLA-DQA1*03:01:01	HLA-DQA1*03:01:01	HLA-DQB1*03:02:01	HLA-DQB1*05:03:01:01	HLA-DRB1*04:03:01	HLA-DRB1*14:01:01
3855000013317	a1255_WGS_2_F3	HLA-A*01:01:01:01	HLA-A*32:01:01	HLA-B*08:01:01	HLA-B*51:01:01	HLA-C*02:02:02:01	HLA-C*07:01:01:01	HLA-DQA1*02:01	HLA-DQA1*02:01	HLA-DQB1*02:01:01	HLA-DQB1*02:11	HLA-DRB1*03:01:01:01	HLA-DRB1*07:01:01:01
3855000011770	a1255_WGS_1_D11	HLA-A*01:01:01:01	HLA-A*32:01:01	HLA-B*08:01:01	HLA-B*51:01:01	HLA-C*02:02:02:01	HLA-C*07:01:01:01	HLA-DQA1*05:01:02	HLA-DQA1*05:01:02	HLA-DQB1*02:01:01	HLA-DQB1*02:11	HLA-DRB1*03:01:01:01	HLA-DRB1*07:01:01:01
3855000013144	a1255_WGS_1_A3	HLA-A*01:01:01:01	HLA-A*32:01:01	HLA-B*35:01:01:01	HLA-B*51:01:01	HLA-C*02:02:02:01	HLA-C*07:01:01:01	HLA-DQA1*01:02:02	HLA-DQA1*02:01	HLA-DQB1*02:02:01	HLA-DQB1*05:02:01	HLA-DRB1*07:01:01:01	HLA-DRB1*16:01:01
3855000013142	a1255_WGS_1_H12	HLA-A*01:01:01:01	HLA-A*32:01:01	HLA-B*35:01:01:01	HLA-B*51:01:01	HLA-C*02:02:02:01	HLA-C*07:01:01:01	HLA-DQA1*01:02:02	HLA-DQA1*02:01	HLA-DQB1*02:02:01	HLA-DQB1*05:02:01	HLA-DRB1*07:01:01:01	HLA-DRB1*16:01:01
3855000012963	a1255_WGS_1_F8	HLA-A*23:01:01	HLA-A*26:08	HLA-B*27:05:02	HLA-B*35:01:01:01	HLA-C*04:01:01:01	HLA-C*04:01:01:01	n/a	n/a	HLA-DQB1*03:01:01:01	HLA-DQB1*04:02:01	HLA-DRB1*08:01:01	HLA-DRB1*11:04:01
3855000011882	a1255_WGS_1_F9	HLA-A*23:01:01	HLA-A*26:08	HLA-B*27:05:02	HLA-B*35:01:01:01	HLA-C*04:01:01:01	HLA-C*04:01:01:01	n/a	n/a	HLA-DQB1*03:01:01:01	HLA-DQB1*04:02:01	HLA-DRB1*08:01:01	HLA-DRB1*11:04:01
3855000013770	a1255_WGS_1_D12	HLA-A*02:01:01:01	HLA-A*02:01:01:01	HLA-B*44:02:01:01	HLA-B*51:08:01	HLA-C*05:01:01:01	HLA-C*16:02:01	n/a	n/a	HLA-DQB1*03:01:01:01	HLA-DQB1*03:01:01:01	HLA-DRB1*11:03	HLA-DRB1*12:01:01
3855000013774	a1255_WGS_2_G2	HLA-A*02:01:01:01	HLA-A*03:01:01:01	HLA-B*07:02:01	HLA-B*51:08:01	HLA-C*07:02:01:01	HLA-C*16:02:01	n/a	n/a	HLA-DQB1*03:01:01:01	HLA-DQB1*05:01:01:01	HLA-DRB1*10:01:01	HLA-DRB1*12:01:01
3855000013686	a1255_WGS_1_D1	HLA-A*03:01:01:01	HLA-A*24:02:01:01	HLA-B*07:02:01	HLA-B*40:02:01	HLA-C*02:02:02:01	HLA-C*07:02:01:01	HLA-DQA1*05:05:01:01	HLA-DQA1*05:05:01:01	HLA-DQB1*02:01:01	HLA-DQB1*03:01:01:01	HLA-DRB1*03:01:01:01	HLA-DRB1*11:01:01
3855000013123	a1255_WGS_15_G9	HLA-A*01:01:01:01	HLA-A*24:02:01:01	HLA-B*37:01:01	HLA-B*40:02:01	HLA-C*02:02:02:01	HLA-C*06:02:01:01	HLA-DQA1*01:03:01:01	HLA-DQA1*05:05:01:01	HLA-DQB1*03:01:01:01	HLA-DQB1*06:03:01	HLA-DRB1*11:01:01	HLA-DRB1*13:01:01
3855000014443	a1255_WGS_1_E3	HLA-A*24:02:01:01	HLA-A*24:02:01:01	HLA-B*15:01:01:01	HLA-B*40:01:02	HLA-C*03:03:01	HLA-C*03:03:01	HLA-DQA1*01:02:02	HLA-DQA1*01:12	HLA-DQB1*05:02:01	HLA-DQB1*06:04:01	HLA-DRB1*13:02:01	HLA-DRB1*16:01:01
3855000013613	a1255_WGS_16_E10	HLA-A*02:01:01:01	HLA-A*02:01:01:01	HLA-B*44:02:01:01	HLA-B*51:08:01	HLA-C*05:01:01:01	HLA-C*16:02:01	HLA-DQA1*05:05:01:01	HLA-DQA1*05:05:01:01	HLA-DQB1*03:01:01:01	HLA-DQB1*03:01:01:01	HLA-DRB1*11:03	HLA-DRB1*12:01:01
3855000012644	a1255_WGS_1_C5	HLA-A*02:01:01:01	HLA-A*02:01:01:01	HLA-B*18:01:01:01	HLA-B*41:01:01	HLA-C*07:01:01:01	HLA-C*17:01:01:01	n/a	n/a	HLA-DQB1*02:01:01	HLA-DQB1*05:01:01:01	HLA-DRB1*01:01:01	HLA-DRB1*03:01:01:01
3855000013902	a1255_WGS_15_C1	HLA-A*01:01:01:01	HLA-A*01:01:01:01	HLA-B*08:01:01	HLA-B*08:01:01	HLA-C*07:01:01:01	HLA-C*07:01:01:01	n/a	n/a	HLA-DQB1*02:01:01	HLA-DQB1*02:11	HLA-DRB1*03:01:01:01	HLA-DRB1*03:01:01:01
3855000013913	a1255_WGS_15_E8	HLA-A*01:01:01:01	HLA-A*26:15	HLA-B*08:109	HLA-B*38:01:01	HLA-C*07:01:01:01	HLA-C*12:03:06	HLA-DQA1*05:05:01:01	HLA-DQA1*05:05:01:01	HLA-DQB1*02:01:01	HLA-DQB1*03:01:01:01	HLA-DRB1*03:01:01:01	HLA-DRB1*11:04:01
3855000013916	a1255_WGS_1_F1	HLA-A*01:01:01:01	HLA-A*25:01:01	HLA-B*08:01:01	HLA-B*39:01:01:01	HLA-C*07:01:01:01	HLA-C*12:03:01:01	HLA-DQA1*01:02:02	HLA-DQA1*05:01:01:01	HLA-DQB1*02:01:01	HLA-DQB1*05:02:01	HLA-DRB1*03:01:01:01	HLA-DRB1*16:01:01
3855000013059	a1255_WGS_15_D12	HLA-A*02:01:01:01	HLA-A*03:01:01:01	HLA-B*07:02:01	HLA-B*45:01:01	HLA-C*06:02:01:01	HLA-C*07:02:01:01	HLA-DQA1*03:01:01	HLA-DQA1*03:01:01	HLA-DQB1*03:01:01:01	HLA-DQB1*06:02:01	HLA-DRB1*04:01:01	HLA-DRB1*15:01:01:01
3855000011773	a1255_WGS_15_H5	HLA-A*03:01:01:01	HLA-A*32:01:01	HLA-B*14:01:01	HLA-B*35:01:01:01	HLA-C*04:01:01:01	HLA-C*08:02:01:01	HLA-DQA1*05:05:01:01	HLA-DQA1*05:05:01:01	HLA-DQB1*02:02:01	HLA-DQB1*03:01:01:01	HLA-DRB1*07:01:01:01	HLA-DRB1*11:01:01
3855000011857	a1255_WGS_16_A1	HLA-A*01:01:01:01	HLA-A*32:01:01	HLA-B*08:109	HLA-B*14:01:01	HLA-C*07:01:01:01	HLA-C*08:02:01:01	n/a	n/a	HLA-DQB1*02:01:01	HLA-DQB1*02:11	HLA-DRB1*03:01:01:01	HLA-DRB1*07:01:01:01
3855000013477	a1255_WGS_1_B10	HLA-A*02:01:01:01	HLA-A*03:01:01:01	HLA-B*39:01:01:01	HLA-B*51:08:01	HLA-C*12:03:01:01	HLA-C*16:02:01	n/a	n/a	HLA-DQB1*05:01:01:01	HLA-DQB1*05:01:01:01	HLA-DRB1*01:01:01	HLA-DRB1*01:01:01
3855000011743	a1255_WGS_1_C11	HLA-A*23:01:01	HLA-A*68:01:02:01	HLA-B*35:02:01	HLA-B*49:01:01	HLA-C*04:01:01:01	HLA-C*12:03:01:01	n/a	n/a	HLA-DQB1*03:02:01	HLA-DQB1*06:03:01	HLA-DRB1*07:01:01:01	HLA-DRB1*13:01:01
3855000013601	a1255_WGS_15_B7	HLA-A*02:01:01:01	HLA-A*24:02:01:01	HLA-B*35:08:01	HLA-B*44:02:01:01	HLA-C*04:01:01:01	HLA-C*05:01:01:01	HLA-DQA1*01:02:01:01	HLA-DQA1*05:05:01:01	HLA-DQB1*03:01:01:01	HLA-DQB1*06:02:01	HLA-DRB1*11:03	HLA-DRB1*15:01:01:01
3855000012052	a1255_WGS_16_F2	HLA-A*11:88	HLA-A*24:50	HLA-B*15:01:01:01	HLA-B*35:01:01:01	HLA-C*03:03:01	HLA-C*04:01:01:01	n/a	n/a	HLA-DQB1*05:03:04	HLA-DQB1*05:18	HLA-DRB1*01:01:01	HLA-DRB1*14:54:01
3855000011864	a1255_WGS_1_E9	HLA-A*29:01:01:01	HLA-A*32:01:19	HLA-B*35:02:01	HLA-B*39:01:01:01	HLA-C*04:01:01:01	HLA-C*12:03:01:01	n/a	n/a	HLA-DQB1*03:03:02:01	HLA-DQB1*06:02:01	HLA-DRB1*07:01:01:01	HLA-DRB1*15:01:01:01
3855000013956	a1255_WGS_15_B11	HLA-A*02:01:01:01	HLA-A*02:01:01:01	HLA-B*18:01:01:01	HLA-B*44:05:01	HLA-C*02:02:01	HLA-C*05:01:01:01	HLA-DQA1*01:02:02	HLA-DQA1*05:01:01:01	HLA-DQB1*02:01:01	HLA-DQB1*05:02:01	HLA-DRB1*03:01:01:01	HLA-DRB1*16:01:01
3855000011732	a1255_WGS_1_C9	HLA-A*01:01:01:01	HLA-A*24:02:01:01	HLA-B*18:01:01:01	HLA-B*35:02:01	HLA-C*03:03:01	HLA-C*07:04:01	n/a	n/a	HLA-DQB1*03:01:01:01	HLA-DQB1*03:01:01:01	HLA-DRB1*11:01:01	HLA-DRB1*11:04:01
3855000013567	a1255_WGS_15_H8	HLA-A*02:01:11	HLA-A*30:01:01	HLA-B*13:02:09	HLA-B*56:01:01	HLA-C*01:02:01	HLA-C*06:02:01:01	n/a	n/a	HLA-DQB1*02:02:01	HLA-DQB1*05:01:01:01	HLA-DRB1*01:01:01	HLA-DRB1*07:01:01:01
3855000013828	a1255_WGS_1_A11	HLA-A*01:01:01:01	HLA-A*32:01:01	HLA-B*08:01:01	HLA-B*08:01:01	HLA-C*07:01:01:01	HLA-C*07:01:01:01	HLA-DQA1*03:01:01	HLA-DQA1*03:01:01	HLA-DQB1*02:01:01	HLA-DQB1*03:02:01	HLA-DRB1*03:01:01:01	HLA-DRB1*04:02:01
3855000013825	a1255_WGS_1_H7	HLA-A*01:01:01:01	HLA-A*32:01:01	HLA-B*08:01:01	HLA-B*08:01:01	HLA-C*07:01:01:01	HLA-C*07:01:01:01	n/a	n/a	HLA-DQB1*02:01:01	HLA-DQB1*03:02:01	HLA-DRB1*03:01:01:01	HLA-DRB1*04:02:01
3855000011809	a1255_WGS_15_E7	HLA-A*02:01:01:01	HLA-A*32:01:01	HLA-B*27:09	HLA-B*39:01:01:01	HLA-C*01:02:01	HLA-C*12:03:01:01	n/a	n/a	HLA-DQB1*03:01:01:01	HLA-DQB1*05:02:01	HLA-DRB1*11:01:01	HLA-DRB1*16:01:01
3855000011667	a1255_WGS_1_H1	HLA-A*01:01:01:01	HLA-A*32:01:01	HLA-B*08:19N	HLA-B*55:01:01	HLA-C*03:03:01	HLA-C*07:01:01:01	n/a	n/a	HLA-DQB1*02:02:01	HLA-DQB1*02:02:01	HLA-DRB1*03:01:01:01	HLA-DRB1*07:01:01:01
